Cell, 0
0, 1, 2, 3, 4, 5, 6, 7, 8, 9, 10, 11, 12, 13, 14, 15, 16, 17, 18, 19, 20, 21, 22, 23, 24, 25, 26, 27, 28, 29
Cell, 1
30, 31, 32, 33, 34, 35, 36, 37, 38, 39, 40, 41, 42, 43, 44, 45, 46, 47, 48, 49, 50, 51, 52, 53
Cell, 2
54, 55, 56, 57, 58, 59, 60, 61, 62, 63, 64, 65, 66, 67, 68, 69, 70, 71
Cell, 3
72, 73, 74, 75, 76, 77, 78, 79, 80, 81, 82, 83, 84, 85, 86, 87, 88, 89, 90, 91, 92, 93, 94, 95, 96, 97, 98, 99, 100, 101, 102, 103, 104, 105
Cell, 4
106, 107, 108, 109, 110, 111, 112, 113, 114, 115, 116, 117, 118, 119, 120, 121, 122, 123, 124, 125
Cell, 5
126, 127, 128, 129, 130, 131, 132, 133, 134, 135, 136, 137, 138, 139, 140, 141, 142, 143, 144, 145, 146, 147, 148, 149, 150, 151, 152, 153, 154, 155, 156, 157
Cell, 6
158, 159, 160, 161, 162, 163, 164, 165, 166, 167, 168, 169, 170, 171, 172, 173, 174, 175, 176, 177, 178, 179, 180, 181
Cell, 7
106, 108, 114, 117, 182, 183, 184, 185, 186, 187, 188, 189, 190, 191, 192, 193, 194, 195, 196, 197
Cell, 8
80, 89, 91, 92, 198, 199, 200, 201, 202, 203, 204, 205, 206, 207, 208, 209, 210, 211, 212, 213, 214, 215, 216, 217
Cell, 9
218, 219, 220, 221, 222, 223, 224, 225, 226, 227, 228, 229, 230, 231, 232, 233, 234, 235, 236, 237
Cell, 10
107, 109, 116, 118, 238, 239, 240, 241, 242, 243, 244, 245, 246, 247, 248, 249, 250, 251, 252, 253, 254, 255, 256, 257, 258, 259, 260, 261, 262, 263
Cell, 11
264, 265, 266, 267, 268, 269, 270, 271, 272, 273, 274, 275, 276, 277
Cell, 12
278, 279, 280, 281, 282, 283, 284, 285, 286, 287, 288, 289, 290, 291, 292, 293, 294, 295, 296, 297, 298, 299, 300, 301, 302, 303, 304, 305, 306, 307, 308, 309, 310, 311
Cell, 13
186, 189, 195, 241, 247, 248, 249, 250, 257, 312, 313, 314, 315, 316, 317, 318, 319, 320, 321, 322, 323, 324, 325, 326
Cell, 14
266, 267, 268, 269, 271, 327, 328, 329, 330, 331, 332, 333, 334, 335, 336, 337, 338, 339, 340, 341, 342, 343, 344, 345, 346, 347, 348, 349, 350, 351, 352, 353, 354, 355, 356, 357, 358, 359, 360, 361, 362, 363, 364, 365
Cell, 15
366, 367, 368, 369, 370, 371, 372, 373, 374, 375, 376, 377, 378, 379, 380, 381, 382, 383, 384, 385, 386, 387, 388, 389, 390, 391
Cell, 16
392, 393, 394, 395, 396, 397, 398, 399, 400, 401, 402, 403, 404, 405, 406, 407, 408, 409, 410, 411, 412, 413, 414
Cell, 17
415, 416, 417, 418, 419, 420, 421, 422, 423, 424, 425, 426, 427, 428, 429, 430, 431, 432, 433, 434, 435, 436
Cell, 18
437, 438, 439, 440, 441, 442, 443, 444, 445, 446, 447, 448, 449, 450, 451, 452, 453, 454, 455, 456, 457, 458
Cell, 19
459, 460, 461, 462, 463, 464, 465, 466, 467, 468, 469, 470, 471, 472, 473, 474, 475, 476, 477, 478, 479, 480, 481, 482, 483
Cell, 20
484, 485, 486, 487, 488, 489, 490, 491, 492, 493, 494, 495, 496, 497, 498, 499, 500, 501, 502, 503
Cell, 21
504, 505, 506, 507, 508, 509, 510, 511, 512, 513, 514, 515, 516, 517, 518, 519, 520, 521, 522, 523, 524, 525, 526, 527, 528, 529
Cell, 22
530, 531, 532, 533, 534, 535, 536, 537, 538, 539, 540, 541, 542, 543, 544, 545, 546, 547, 548, 549, 550, 551
Cell, 23
127, 144, 145, 151, 152, 153, 157, 552, 553, 554, 555, 556, 557, 558, 559, 560, 561, 562, 563, 564, 565, 566, 567, 568, 569, 570, 571, 572, 573, 574, 575, 576
Cell, 24
251, 252, 253, 258, 420, 422, 430, 431, 435, 436, 577, 578, 579, 580, 581, 582, 583, 584, 585, 586, 587, 588, 589, 590, 591, 592, 593, 594, 595, 596, 597, 598, 599, 600, 601, 602
Cell, 25
506, 510, 511, 522, 523, 603, 604, 605, 606, 607, 608, 609, 610, 611, 612, 613, 614, 615, 616, 617, 618, 619, 620, 621, 622, 623, 624, 625
Cell, 26
626, 627, 628, 629, 630, 631, 632, 633, 634, 635, 636, 637, 638, 639, 640, 641
Cell, 27
642, 643, 644, 645, 646, 647, 648, 649, 650, 651, 652, 653, 654, 655, 656, 657, 658, 659, 660, 661
Cell, 28
264, 266, 269, 270, 273, 276, 335, 336, 349, 354, 358, 359, 662, 663, 664, 665, 666, 667, 668, 669, 670, 671, 672, 673, 674, 675, 676, 677, 678, 679, 680, 681, 682, 683, 684, 685
Cell, 29
686, 687, 688, 689, 690, 691, 692, 693, 694, 695, 696, 697, 698, 699, 700, 701, 702, 703, 704, 705, 706, 707, 708, 709
Cell, 30
184, 196, 197, 580, 586, 595, 598, 710, 711, 712, 713, 714, 715, 716, 717, 718, 719, 720, 721, 722, 723, 724, 725, 726, 727, 728, 729, 730, 731, 732
Cell, 31
733, 734, 735, 736, 737, 738, 739, 740, 741, 742, 743, 744, 745, 746, 747, 748, 749, 750, 751, 752, 753, 754, 755, 756
Cell, 32
757, 758, 759, 760, 761, 762, 763, 764, 765, 766, 767, 768, 769, 770, 771, 772, 773, 774, 775, 776, 777, 778, 779, 780, 781
Cell, 33
136, 150, 152, 153, 554, 566, 570, 571, 687, 693, 694, 696, 782, 783, 784, 785, 786, 787, 788, 789, 790, 791, 792, 793, 794, 795, 796, 797, 798, 799, 800, 801, 802, 803, 804, 805, 806, 807, 808, 809, 810, 811
Cell, 34
812, 813, 814, 815, 816, 817, 818, 819, 820, 821, 822, 823, 824, 825, 826, 827, 828, 829
Cell, 35
782, 784, 789, 791, 796, 799, 830, 831, 832, 833, 834, 835, 836, 837, 838, 839, 840, 841, 842, 843, 844, 845, 846, 847, 848, 849, 850, 851, 852, 853, 854, 855, 856
Cell, 36
438, 446, 447, 448, 449, 857, 858, 859, 860, 861, 862, 863, 864, 865, 866, 867, 868, 869, 870, 871, 872, 873, 874, 875, 876, 877, 878, 879, 880, 881, 882, 883, 884, 885, 886, 887, 888
Cell, 37
759, 761, 764, 767, 778, 889, 890, 891, 892, 893, 894, 895, 896, 897, 898, 899, 900, 901, 902, 903, 904, 905, 906, 907, 908, 909, 910, 911, 912, 913, 914, 915, 916, 917
Cell, 38
38, 48, 49, 918, 919, 920, 921, 922, 923, 924, 925, 926, 927, 928, 929, 930, 931, 932, 933, 934, 935, 936, 937, 938, 939, 940, 941, 942, 943, 944, 945, 946, 947, 948, 949, 950, 951, 952, 953, 954, 955
Cell, 39
418, 435, 436, 577, 582, 584, 592, 596, 956, 957, 958, 959, 960, 961
Cell, 40
72, 75, 83, 98, 99, 199, 208, 209, 962, 963, 964, 965, 966, 967, 968, 969, 970, 971, 972, 973, 974, 975, 976, 977, 978, 979, 980, 981, 982, 983, 984, 985, 986, 987, 988
Cell, 41
989, 990, 991, 992, 993, 994, 995, 996, 997, 998, 999, 1000, 1001, 1002, 1003, 1004, 1005, 1006, 1007, 1008, 1009
Cell, 42
1010, 1011, 1012, 1013, 1014, 1015, 1016, 1017, 1018, 1019, 1020, 1021, 1022, 1023, 1024, 1025, 1026, 1027, 1028, 1029, 1030, 1031
Cell, 43
459, 463, 465, 466, 474, 481, 482, 483, 1032, 1033, 1034, 1035, 1036, 1037, 1038, 1039, 1040, 1041, 1042, 1043, 1044, 1045, 1046, 1047, 1048, 1049, 1050, 1051, 1052, 1053
Cell, 44
991, 1001, 1003, 1054, 1055, 1056, 1057, 1058, 1059, 1060, 1061, 1062, 1063, 1064, 1065, 1066, 1067, 1068, 1069, 1070, 1071, 1072, 1073, 1074, 1075
Cell, 45
330, 352, 356, 358, 359, 362, 364, 667, 668, 1076, 1077, 1078, 1079, 1080, 1081, 1082, 1083, 1084, 1085, 1086, 1087, 1088, 1089, 1090, 1091, 1092, 1093, 1094, 1095, 1096, 1097, 1098, 1099, 1100, 1101, 1102
Cell, 46
690, 691, 703, 785, 788, 790, 794, 795, 804, 1103, 1104, 1105, 1106, 1107, 1108, 1109, 1110, 1111, 1112, 1113, 1114, 1115, 1116, 1117, 1118, 1119
Cell, 47
404, 408, 410, 411, 1120, 1121, 1122, 1123, 1124, 1125, 1126, 1127, 1128, 1129, 1130, 1131, 1132, 1133, 1134, 1135, 1136, 1137, 1138, 1139, 1140, 1141
Cell, 48
1142, 1143, 1144, 1145, 1146, 1147, 1148, 1149, 1150, 1151, 1152, 1153, 1154, 1155, 1156, 1157, 1158, 1159, 1160, 1161, 1162, 1163, 1164, 1165, 1166, 1167, 1168, 1169
Cell, 49
1170, 1171, 1172, 1173, 1174, 1175, 1176, 1177, 1178, 1179, 1180, 1181, 1182, 1183, 1184, 1185, 1186, 1187, 1188, 1189, 1190, 1191, 1192, 1193, 1194, 1195, 1196, 1197, 1198, 1199, 1200, 1201, 1202, 1203
Cell, 50
1033, 1034, 1037, 1038, 1040, 1045, 1048, 1204, 1205, 1206, 1207, 1208, 1209, 1210, 1211, 1212, 1213, 1214, 1215, 1216, 1217, 1218, 1219, 1220, 1221, 1222
Cell, 51
990, 991, 992, 993, 1003, 1004, 1008, 1009, 1055, 1058, 1060, 1064, 1223, 1224, 1225, 1226, 1227, 1228, 1229, 1230, 1231, 1232, 1233, 1234, 1235, 1236, 1237, 1238
Cell, 52
643, 646, 647, 648, 649, 651, 658, 659, 688, 691, 702, 703, 705, 707, 1103, 1110, 1114, 1116, 1118, 1119, 1239, 1240, 1241, 1242, 1243, 1244, 1245, 1246, 1247, 1248, 1249, 1250, 1251, 1252, 1253, 1254, 1255, 1256, 1257, 1258, 1259, 1260, 1261, 1262, 1263, 1264
Cell, 53
32, 41, 48, 49, 52, 53, 766, 775, 776, 921, 922, 923, 927, 935, 944, 946, 953, 955, 1265, 1266, 1267, 1268, 1269, 1270, 1271, 1272, 1273, 1274, 1275, 1276, 1277, 1278
Cell, 54
285, 298, 308, 1279, 1280, 1281, 1282, 1283, 1284, 1285, 1286, 1287, 1288, 1289, 1290, 1291, 1292, 1293, 1294, 1295, 1296, 1297, 1298, 1299, 1300, 1301, 1302, 1303, 1304, 1305
Cell, 55
1306, 1307, 1308, 1309, 1310, 1311, 1312, 1313, 1314, 1315, 1316, 1317, 1318, 1319, 1320, 1321, 1322, 1323, 1324, 1325, 1326, 1327, 1328, 1329, 1330, 1331, 1332, 1333, 1334, 1335, 1336, 1337, 1338, 1339, 1340, 1341
Cell, 56
34, 36, 39, 924, 939, 947, 949, 950, 1342, 1343, 1344, 1345, 1346, 1347, 1348, 1349, 1350, 1351, 1352, 1353, 1354, 1355, 1356, 1357, 1358, 1359, 1360, 1361, 1362, 1363
Cell, 57
1364, 1365, 1366, 1367, 1368, 1369, 1370, 1371, 1372, 1373, 1374, 1375, 1376, 1377, 1378, 1379, 1380, 1381, 1382, 1383, 1384, 1385, 1386, 1387, 1388, 1389, 1390, 1391
Cell, 58
1012, 1016, 1017, 1023, 1143, 1149, 1155, 1160, 1392, 1393, 1394, 1395, 1396, 1397, 1398, 1399, 1400, 1401, 1402, 1403, 1404, 1405
Cell, 59
757, 763, 764, 765, 767, 889, 890, 894, 895, 900, 917, 1406, 1407, 1408, 1409, 1410, 1411, 1412, 1413, 1414, 1415, 1416, 1417, 1418, 1419, 1420
Cell, 60
1421, 1422, 1423, 1424, 1425, 1426, 1427, 1428, 1429, 1430, 1431, 1432, 1433, 1434, 1435, 1436
Cell, 61
1437, 1438, 1439, 1440, 1441, 1442, 1443, 1444, 1445, 1446, 1447, 1448, 1449, 1450, 1451, 1452, 1453, 1454, 1455, 1456, 1457, 1458, 1459, 1460, 1461, 1462
Cell, 62
1175, 1202, 1203, 1463, 1464, 1465, 1466, 1467, 1468, 1469, 1470, 1471, 1472, 1473, 1474, 1475, 1476, 1477, 1478, 1479, 1480, 1481, 1482, 1483, 1484, 1485, 1486, 1487, 1488, 1489
Cell, 63
1010, 1018, 1020, 1022, 1029, 1079, 1081, 1082, 1083, 1091, 1092, 1099, 1100, 1490, 1491, 1492, 1493, 1494, 1495, 1496, 1497, 1498, 1499, 1500, 1501, 1502, 1503, 1504
Cell, 64
264, 276, 277, 664, 667, 668, 669, 675, 1076, 1078, 1084, 1086, 1505, 1506, 1507, 1508, 1509, 1510, 1511, 1512, 1513, 1514, 1515, 1516, 1517, 1518
Cell, 65
663, 669, 672, 675, 679, 681, 683, 1510, 1512, 1515, 1516, 1519, 1520, 1521, 1522, 1523, 1524, 1525, 1526, 1527, 1528, 1529, 1530, 1531, 1532, 1533
Cell, 66
231, 234, 235, 1109, 1116, 1117, 1118, 1249, 1255, 1258, 1534, 1535, 1536, 1537, 1538, 1539, 1540, 1541, 1542, 1543, 1544, 1545, 1546, 1547, 1548, 1549, 1550, 1551, 1552, 1553, 1554, 1555, 1556, 1557, 1558, 1559, 1560, 1561, 1562, 1563, 1564, 1565
Cell, 67
1366, 1368, 1369, 1373, 1375, 1380, 1391, 1566, 1567, 1568, 1569, 1570, 1571, 1572, 1573, 1574, 1575, 1576, 1577, 1578, 1579, 1580, 1581, 1582
Cell, 68
33, 35, 36, 38, 39, 41, 47, 48, 919, 922, 924, 938, 947, 1353, 1583, 1584, 1585, 1586, 1587, 1588, 1589, 1590
Cell, 69
1152, 1155, 1160, 1161, 1393, 1395, 1396, 1401, 1403, 1405, 1591, 1592, 1593, 1594, 1595, 1596, 1597, 1598, 1599, 1600, 1601, 1602, 1603, 1604, 1605, 1606, 1607, 1608
Cell, 70
1609, 1610, 1611, 1612, 1613, 1614, 1615, 1616, 1617, 1618, 1619, 1620, 1621, 1622, 1623, 1624, 1625, 1626, 1627, 1628, 1629, 1630, 1631, 1632, 1633, 1634, 1635, 1636, 1637, 1638, 1639, 1640, 1641, 1642, 1643, 1644, 1645, 1646, 1647, 1648
Cell, 71
1319, 1323, 1327, 1334, 1649, 1650, 1651, 1652, 1653, 1654, 1655, 1656, 1657, 1658, 1659, 1660, 1661, 1662, 1663, 1664, 1665, 1666, 1667, 1668, 1669, 1670, 1671, 1672
Cell, 72
759, 765, 767, 768, 769, 777, 916, 917, 1267, 1275, 1276, 1406, 1409, 1411, 1673, 1674, 1675, 1676, 1677, 1678, 1679, 1680, 1681, 1682, 1683, 1684, 1685, 1686, 1687, 1688, 1689, 1690, 1691, 1692, 1693, 1694, 1695, 1696, 1697, 1698, 1699, 1700, 1701, 1702
Cell, 73
1205, 1216, 1217, 1703, 1704, 1705, 1706, 1707, 1708, 1709, 1710, 1711, 1712, 1713, 1714, 1715, 1716, 1717, 1718, 1719, 1720, 1721, 1722, 1723, 1724, 1725
Cell, 74
1726, 1727, 1728, 1729, 1730, 1731, 1732, 1733, 1734, 1735, 1736, 1737, 1738, 1739, 1740, 1741
Cell, 75
1173, 1174, 1178, 1187, 1196, 1197, 1742, 1743, 1744, 1745, 1746, 1747, 1748, 1749, 1750, 1751, 1752, 1753, 1754, 1755, 1756, 1757
Cell, 76
1463, 1464, 1466, 1470, 1471, 1472, 1476, 1478, 1483, 1758, 1759, 1760, 1761, 1762, 1763, 1764, 1765, 1766, 1767, 1768, 1769, 1770, 1771, 1772, 1773, 1774, 1775, 1776, 1777, 1778
Cell, 77
1779, 1780, 1781, 1782, 1783, 1784, 1785, 1786, 1787, 1788, 1789, 1790, 1791, 1792, 1793, 1794, 1795, 1796, 1797, 1798, 1799, 1800, 1801, 1802
Cell, 78
964, 967, 968, 969, 986, 1803, 1804, 1805, 1806, 1807, 1808, 1809, 1810, 1811, 1812, 1813, 1814, 1815, 1816, 1817
Cell, 79
415, 423, 424, 434, 1654, 1660, 1661, 1662, 1664, 1665, 1667, 1818, 1819, 1820, 1821, 1822, 1823, 1824, 1825, 1826, 1827
Cell, 80
2, 15, 19, 21, 1828, 1829, 1830, 1831, 1832, 1833, 1834, 1835, 1836, 1837, 1838, 1839, 1840, 1841, 1842, 1843, 1844, 1845
Cell, 81
1204, 1205, 1217, 1218, 1219, 1706, 1707, 1709, 1712, 1725, 1846, 1847, 1848, 1849, 1850, 1851, 1852, 1853
Cell, 82
1854, 1855, 1856, 1857, 1858, 1859, 1860, 1861, 1862, 1863, 1864, 1865, 1866, 1867, 1868, 1869, 1870, 1871, 1872, 1873, 1874, 1875, 1876, 1877, 1878, 1879, 1880, 1881, 1882, 1883, 1884, 1885
Cell, 83
484, 489, 500, 502, 503, 577, 592, 593, 956, 957, 960, 1650, 1652, 1658, 1670, 1671, 1886, 1887, 1888, 1889, 1890, 1891, 1892, 1893, 1894, 1895, 1896, 1897, 1898, 1899, 1900, 1901
Cell, 84
553, 560, 561, 564, 1902, 1903, 1904, 1905, 1906, 1907, 1908, 1909, 1910, 1911, 1912, 1913
Cell, 85
210, 212, 213, 965, 971, 972, 1914, 1915, 1916, 1917, 1918, 1919, 1920, 1921, 1922, 1923, 1924, 1925, 1926, 1927, 1928, 1929, 1930, 1931, 1932, 1933
Cell, 86
815, 820, 822, 823, 1592, 1594, 1596, 1598, 1601, 1934, 1935, 1936, 1937, 1938, 1939, 1940, 1941, 1942, 1943, 1944, 1945, 1946, 1947, 1948, 1949, 1950, 1951, 1952
Cell, 87
1306, 1313, 1328, 1329, 1657, 1660, 1665, 1666, 1821, 1822, 1826, 1953, 1954, 1955, 1956, 1957, 1958, 1959, 1960, 1961, 1962, 1963, 1964, 1965, 1966, 1967, 1968, 1969
Cell, 88
1423, 1425, 1426, 1427, 1430, 1433, 1434, 1970, 1971, 1972, 1973, 1974, 1975, 1976, 1977, 1978, 1979, 1980, 1981, 1982, 1983, 1984
Cell, 89
1018, 1021, 1028, 1029, 1054, 1070, 1071, 1072, 1073, 1081, 1092, 1094, 1095, 1096, 1147, 1151, 1153, 1162, 1163, 1164, 1165, 1168, 1169, 1492, 1493, 1499, 1985, 1986, 1987, 1988, 1989, 1990, 1991, 1992, 1993, 1994
Cell, 90
923, 927, 931, 934, 941, 951, 1273, 1277, 1995, 1996, 1997, 1998, 1999, 2000, 2001, 2002, 2003, 2004, 2005, 2006, 2007, 2008, 2009, 2010, 2011
Cell, 91
281, 283, 284, 288, 289, 310, 2012, 2013, 2014, 2015, 2016, 2017, 2018, 2019, 2020, 2021, 2022, 2023, 2024, 2025
Cell, 92
367, 371, 372, 2026, 2027, 2028, 2029, 2030, 2031, 2032, 2033, 2034, 2035, 2036, 2037, 2038, 2039, 2040
Cell, 93
532, 536, 541, 548, 549, 1001, 1003, 1004, 1005, 1059, 1060, 1062, 1074, 1075, 1223, 1228, 1229, 1230, 2041, 2042, 2043, 2044, 2045, 2046, 2047, 2048, 2049, 2050, 2051, 2052, 2053, 2054
Cell, 94
1142, 1152, 1154, 1157, 1161, 1594, 1596, 1599, 1604, 1608, 1939, 1940, 2055, 2056, 2057, 2058, 2059, 2060, 2061, 2062, 2063, 2064, 2065, 2066
Cell, 95
608, 612, 613, 614, 918, 925, 926, 929, 2067, 2068, 2069, 2070, 2071, 2072, 2073, 2074, 2075, 2076
Cell, 96
531, 532, 536, 539, 999, 1000, 1001, 1005, 1070, 1072, 1075, 1085, 1091, 1092, 1093, 1094, 1492, 1503, 1986, 2077, 2078
Cell, 97
381, 384, 385, 461, 469, 470, 471, 472, 473, 475, 1902, 1903, 1905, 1909, 1912, 2037, 2038, 2039, 2040, 2079, 2080, 2081, 2082, 2083, 2084, 2085, 2086, 2087, 2088, 2089
Cell, 98
1614, 1615, 1619, 1620, 1622, 1623, 1625, 1629, 2090, 2091, 2092, 2093, 2094, 2095, 2096, 2097, 2098, 2099, 2100, 2101, 2102, 2103
Cell, 99
2104, 2105, 2106, 2107, 2108, 2109, 2110, 2111, 2112, 2113
Cell, 100
72, 73, 74, 81, 82, 99, 626, 628, 629, 636, 640, 641, 962, 975, 2114, 2115, 2116, 2117, 2118, 2119, 2120, 2121, 2122, 2123, 2124, 2125, 2126, 2127, 2128, 2129
Cell, 101
159, 160, 165, 175, 176, 2130, 2131, 2132, 2133, 2134, 2135, 2136, 2137, 2138, 2139, 2140, 2141, 2142, 2143, 2144, 2145, 2146
Cell, 102
533, 535, 538, 540, 546, 547, 2147, 2148, 2149, 2150, 2151, 2152, 2153, 2154, 2155, 2156, 2157, 2158, 2159, 2160, 2161, 2162, 2163, 2164
Cell, 103
1142, 1144, 1146, 1148, 1154, 1158, 2056, 2058, 2065, 2066, 2165, 2166, 2167, 2168, 2169, 2170, 2171, 2172, 2173, 2174, 2175, 2176, 2177, 2178, 2179, 2180, 2181, 2182, 2183, 2184
Cell, 104
270, 272, 273, 274, 275, 662, 663, 671, 680, 681, 685, 1532, 2185, 2186, 2187, 2188, 2189, 2190, 2191, 2192, 2193
Cell, 105
1780, 1782, 1788, 1789, 1793, 1797, 1798, 2194, 2195, 2196, 2197, 2198, 2199, 2200, 2201, 2202, 2203, 2204, 2205, 2206, 2207, 2208, 2209, 2210, 2211, 2212
Cell, 106
891, 892, 902, 904, 909, 912, 913, 1614, 1615, 1627, 1631, 1637, 1639, 1640, 1642, 1647, 2090, 2213, 2214, 2215, 2216, 2217, 2218, 2219, 2220, 2221, 2222, 2223
Cell, 107
831, 838, 844, 846, 853, 2224, 2225, 2226, 2227, 2228, 2229, 2230, 2231, 2232, 2233, 2234, 2235, 2236, 2237, 2238, 2239, 2240, 2241, 2242, 2243, 2244, 2245, 2246, 2247, 2248
Cell, 108
1368, 1372, 1373, 1386, 1387, 1389, 1390, 1581, 1582, 1944, 1945, 1947, 1949, 1952, 2249, 2250, 2251, 2252, 2253, 2254, 2255, 2256, 2257, 2258, 2259, 2260, 2261, 2262, 2263, 2264, 2265, 2266, 2267, 2268, 2269, 2270
Cell, 109
238, 239, 243, 246, 247, 250, 259, 260, 324, 1886, 1896, 1899, 2271, 2272, 2273, 2274, 2275, 2276, 2277, 2278, 2279
Cell, 110
30, 31, 45, 51, 2280, 2281, 2282, 2283, 2284, 2285, 2286, 2287, 2288, 2289, 2290, 2291, 2292, 2293, 2294, 2295, 2296, 2297, 2298, 2299, 2300, 2301, 2302, 2303, 2304, 2305, 2306, 2307, 2308, 2309, 2310, 2311, 2312
Cell, 111
1707, 1724, 1725, 1846, 1853, 2313, 2314, 2315, 2316, 2317, 2318, 2319, 2320, 2321, 2322, 2323, 2324, 2325, 2326, 2327, 2328, 2329, 2330, 2331, 2332, 2333, 2334, 2335, 2336, 2337
Cell, 112
2338, 2339, 2340, 2341, 2342, 2343, 2344, 2345, 2346, 2347, 2348, 2349, 2350, 2351, 2352, 2353, 2354, 2355, 2356, 2357, 2358, 2359, 2360, 2361, 2362, 2363
Cell, 113
666, 676, 677, 678, 2121, 2122, 2123, 2125, 2126, 2364, 2365, 2366, 2367, 2368, 2369, 2370, 2371, 2372, 2373, 2374, 2375, 2376, 2377, 2378, 2379, 2380, 2381, 2382
Cell, 114
245, 246, 247, 248, 314, 315, 317, 323, 324, 325, 326, 542, 550, 551, 2275, 2276, 2383, 2384, 2385, 2386, 2387, 2388, 2389, 2390, 2391, 2392, 2393, 2394, 2395, 2396, 2397, 2398, 2399
Cell, 115
5, 7, 10, 11, 28, 1225, 1233, 1235, 1744, 1752, 1756, 1757, 1855, 1877, 1878, 1879, 2400, 2401, 2402, 2403, 2404, 2405, 2406, 2407, 2408, 2409, 2410, 2411, 2412, 2413, 2414, 2415, 2416, 2417, 2418, 2419, 2420, 2421, 2422, 2423, 2424, 2425, 2426, 2427, 2428
Cell, 116
689, 695, 708, 831, 836, 839, 853, 1104, 1111, 1112, 1113, 2226, 2229, 2230, 2231, 2233, 2429, 2430, 2431, 2432, 2433, 2434, 2435, 2436, 2437, 2438
Cell, 117
892, 902, 915, 1614, 1625, 1636, 1637, 2090, 2092, 2094, 2096, 2101, 2103, 2214, 2215, 2221, 2439, 2440, 2441, 2442, 2443, 2444
Cell, 118
759, 777, 778, 905, 916, 1265, 1267, 1268, 1276, 1673, 1674, 1680, 1698, 2445, 2446, 2447, 2448, 2449, 2450, 2451, 2452, 2453, 2454, 2455, 2456, 2457, 2458, 2459, 2460, 2461
Cell, 119
128, 131, 134, 135, 137, 138, 366, 373, 386, 387, 2462, 2463, 2464, 2465
Cell, 120
485, 488, 495, 502, 503, 578, 581, 582, 584, 587, 588, 590, 957, 958, 960, 1894, 1895, 2466, 2467, 2468, 2469, 2470, 2471, 2472, 2473, 2474, 2475, 2476, 2477, 2478, 2479, 2480, 2481, 2482, 2483, 2484, 2485, 2486, 2487, 2488
Cell, 121
1651, 1659, 1670, 1671, 1897, 1898, 1900, 2489, 2490, 2491, 2492, 2493, 2494, 2495, 2496, 2497, 2498, 2499, 2500, 2501, 2502, 2503, 2504, 2505, 2506, 2507, 2508, 2509, 2510, 2511, 2512, 2513
Cell, 122
0, 8, 13, 19, 21, 22, 23, 26, 1828, 1841, 1842, 1844, 2514, 2515, 2516, 2517, 2518, 2519, 2520, 2521, 2522, 2523, 2524, 2525, 2526, 2527, 2528, 2529, 2530, 2531
Cell, 123
278, 285, 286, 298, 304, 305, 307, 1286, 1288, 1291, 1292, 1294, 1295, 2015, 2019, 2020, 2022, 2532, 2533, 2534, 2535, 2536, 2537, 2538, 2539, 2540, 2541, 2542, 2543, 2544, 2545, 2546, 2547, 2548, 2549, 2550
Cell, 124
226, 227, 228, 2028, 2029, 2033, 2035, 2036, 2551, 2552, 2553, 2554, 2555, 2556, 2557, 2558, 2559, 2560, 2561, 2562, 2563, 2564
Cell, 125
1170, 1173, 1174, 1176, 1743, 1746, 1756, 1757, 2401, 2403, 2407, 2417, 2420, 2565, 2566, 2567, 2568, 2569, 2570, 2571, 2572, 2573, 2574, 2575, 2576, 2577, 2578
Cell, 126
1424, 1425, 1426, 1431, 1743, 1744, 1754, 1755, 1757, 1970, 1973, 2401, 2419, 2423, 2427, 2572, 2579, 2580
Cell, 127
1175, 1180, 1181, 1182, 1185, 1199, 1203, 1466, 1468, 1478, 1479, 1760, 1766, 2581, 2582, 2583, 2584, 2585, 2586, 2587, 2588, 2589, 2590, 2591, 2592, 2593, 2594, 2595, 2596, 2597
Cell, 128
1208, 1210, 1211, 1212, 2598, 2599, 2600, 2601, 2602, 2603, 2604, 2605, 2606, 2607, 2608, 2609, 2610, 2611, 2612, 2613
Cell, 129
2, 3, 11, 16, 19, 25, 26, 27, 28, 29, 1832, 1841, 1856, 1860, 1868, 1873, 1881, 1882, 1883, 2400, 2416, 2518, 2614, 2615, 2616, 2617, 2618, 2619, 2620, 2621
Cell, 130
2344, 2362, 2363, 2622, 2623, 2624, 2625, 2626, 2627, 2628, 2629, 2630, 2631, 2632, 2633, 2634, 2635, 2636, 2637, 2638, 2639, 2640, 2641, 2642, 2643, 2644, 2645, 2646, 2647, 2648, 2649, 2650
Cell, 131
649, 650, 652, 659, 1107, 1110, 1116, 1117, 1247, 1258, 1259, 1549, 1555, 1556, 1563, 2651, 2652, 2653, 2654, 2655, 2656, 2657
Cell, 132
162, 166, 172, 177, 180, 181, 2466, 2476, 2477, 2485, 2486, 2487, 2488, 2658, 2659, 2660, 2661, 2662, 2663, 2664, 2665, 2666, 2667, 2668, 2669, 2670, 2671, 2672
Cell, 133
2185, 2189, 2192, 2193, 2533, 2534, 2540, 2673, 2674, 2675, 2676, 2677, 2678, 2679, 2680, 2681, 2682, 2683, 2684, 2685, 2686, 2687, 2688, 2689, 2690, 2691, 2692, 2693, 2694, 2695, 2696, 2697
Cell, 134
398, 402, 413, 414, 1708, 1709, 1717, 1722, 1723, 1724, 1725, 1846, 1847, 1849, 1850, 2325, 2336, 2337, 2698, 2699, 2700, 2701, 2702, 2703, 2704, 2705, 2706, 2707, 2708, 2709, 2710, 2711, 2712, 2713, 2714, 2715, 2716, 2717, 2718, 2719
Cell, 135
1505, 1507, 1508, 1509, 1511, 1513, 1726, 1727, 1729, 1739, 2224, 2228, 2229, 2230, 2432, 2720, 2721, 2722, 2723, 2724, 2725, 2726, 2727, 2728, 2729, 2730, 2731, 2732
Cell, 136
1426, 1429, 1430, 1431, 1432, 1435, 1973, 1977, 1978, 2401, 2419, 2420, 2566, 2571, 2572, 2579, 2733, 2734, 2735, 2736, 2737, 2738, 2739, 2740, 2741, 2742, 2743, 2744, 2745, 2746, 2747, 2748, 2749, 2750, 2751, 2752
Cell, 137
2753, 2754, 2755, 2756, 2757, 2758, 2759, 2760, 2761, 2762, 2763, 2764, 2765, 2766, 2767, 2768, 2769, 2770, 2771, 2772
Cell, 138
208, 970, 971, 972, 976, 977, 979, 985, 1914, 1915, 1921, 1928, 2773, 2774, 2775, 2776, 2777, 2778
Cell, 139
296, 301, 303, 2534, 2536, 2537, 2540, 2542, 2544, 2545, 2547, 2676, 2682, 2688, 2694, 2779, 2780, 2781, 2782, 2783, 2784, 2785, 2786, 2787
Cell, 140
393, 394, 404, 408, 409, 1124, 1128, 1130, 1135, 1136, 1137, 1638, 1643, 1644, 1645, 1646, 2788, 2789, 2790, 2791, 2792, 2793, 2794, 2795, 2796, 2797, 2798, 2799, 2800, 2801, 2802, 2803, 2804, 2805
Cell, 141
1409, 1411, 1413, 1415, 1416, 1417, 1676, 1677, 1680, 1687, 1698, 2448, 2457, 2502, 2510, 2511, 2806, 2807, 2808, 2809, 2810, 2811, 2812, 2813, 2814, 2815, 2816, 2817, 2818, 2819
Cell, 142
1144, 1145, 1146, 1156, 1163, 1164, 1726, 1734, 1736, 1739, 1741, 1987, 2166, 2170, 2171, 2175, 2179, 2722, 2725, 2730, 2820, 2821, 2822, 2823, 2824, 2825, 2826, 2827, 2828, 2829
Cell, 143
758, 761, 763, 764, 770, 772, 774, 889, 897, 901, 903, 904, 908, 909, 1447, 1454, 1456, 1457, 1458, 1461, 2218, 2830, 2831, 2832, 2833, 2834, 2835, 2836, 2837, 2838
Cell, 144
2114, 2117, 2123, 2126, 2128, 2365, 2368, 2379, 2380, 2839, 2840, 2841, 2842, 2843, 2844, 2845, 2846, 2847, 2848, 2849, 2850, 2851, 2852, 2853
Cell, 145
330, 334, 340, 348, 352, 1080, 1081, 1096, 1099, 1145, 1162, 1163, 1493, 1494, 1985, 1987, 1988, 1991, 2820, 2824, 2825, 2826, 2854, 2855
Cell, 146
333, 336, 337, 339, 344, 349, 353, 355, 357, 365, 670, 733, 739, 743, 744, 1188, 1200, 1201, 2856, 2857, 2858, 2859, 2860, 2861, 2862, 2863, 2864, 2865, 2866, 2867, 2868, 2869, 2870, 2871, 2872, 2873, 2874, 2875, 2876, 2877, 2878, 2879
Cell, 147
245, 246, 260, 261, 1678, 1691, 1701, 1702, 2273, 2276, 2279, 2386, 2392, 2396, 2398, 2880, 2881, 2882, 2883, 2884, 2885, 2886, 2887
Cell, 148
1545, 1550, 1553, 1554, 1558, 2724, 2728, 2729, 2888, 2889, 2890, 2891, 2892, 2893, 2894
Cell, 149
279, 288, 289, 2013, 2014, 2016, 2895, 2896, 2897, 2898
Cell, 150
20, 22, 23, 1828, 1835, 1836, 1837, 1838, 1840, 1842, 2514, 2517, 2521, 2899, 2900, 2901, 2902, 2903, 2904, 2905
Cell, 151
327, 331, 337, 342, 343, 344, 345, 346, 2865, 2906, 2907, 2908, 2909, 2910, 2911, 2912
Cell, 152
1522, 1523, 1525, 1526, 1528, 1529, 1906, 1908, 1910, 1911, 2913, 2914, 2915, 2916, 2917, 2918, 2919, 2920, 2921, 2922, 2923, 2924, 2925, 2926, 2927, 2928, 2929, 2930, 2931, 2932
Cell, 153
1783, 1791, 1799, 1800, 2933, 2934, 2935, 2936, 2937, 2938, 2939, 2940, 2941, 2942, 2943, 2944, 2945, 2946, 2947, 2948, 2949, 2950, 2951, 2952, 2953, 2954, 2955, 2956, 2957, 2958, 2959, 2960
Cell, 154
129, 130, 134, 136, 137, 146, 150, 785, 795, 1105, 1106, 1108, 1114, 1115, 1119, 1262, 2463, 2961, 2962, 2963, 2964, 2965, 2966
Cell, 155
338, 343, 345, 361, 363, 2907, 2909, 2911, 2967, 2968, 2969, 2970, 2971, 2972, 2973, 2974, 2975, 2976
Cell, 156
400, 405, 406, 1121, 1122, 1129, 1133, 2977, 2978, 2979, 2980, 2981, 2982, 2983, 2984, 2985, 2986, 2987, 2988, 2989, 2990, 2991, 2992, 2993, 2994, 2995
Cell, 157
56, 58, 62, 65, 66, 67, 69, 1177, 1192, 1193, 1194, 2734, 2737, 2744, 2745, 2746, 2996, 2997, 2998, 2999, 3000, 3001, 3002, 3003, 3004, 3005, 3006, 3007, 3008, 3009, 3010, 3011, 3012, 3013
Cell, 158
489, 491, 494, 500, 1887, 1888, 1889, 1897, 1900, 2354, 2355, 2356, 2357, 2491, 2492, 2498, 2507, 3014, 3015, 3016, 3017, 3018, 3019, 3020, 3021, 3022
Cell, 159
1833, 1834, 1837, 1839, 1840, 2857, 2861, 2862, 2867, 2874, 2900, 2901, 2904, 2905, 3023, 3024, 3025, 3026
Cell, 160
16, 17, 24, 25, 1441, 1459, 1460, 2282, 2287, 2289, 2292, 2297, 2312, 2614, 2616, 2618, 2620, 2621, 3027, 3028, 3029, 3030, 3031, 3032, 3033, 3034, 3035, 3036, 3037, 3038, 3039, 3040, 3041, 3042, 3043
Cell, 161
419, 424, 425, 426, 433, 434, 555, 556, 559, 560, 561, 1818, 1820, 1825, 1903, 1904, 1912, 1913, 2082, 2085, 2086, 3044, 3045, 3046, 3047, 3048, 3049, 3050, 3051, 3052
Cell, 162
1394, 1395, 1402, 1403, 1592, 1595, 1597, 1598, 1605, 1606, 1936, 1948, 1950, 1951, 3053, 3054, 3055, 3056, 3057, 3058, 3059, 3060, 3061, 3062, 3063, 3064, 3065, 3066, 3067, 3068, 3069, 3070, 3071, 3072
Cell, 163
1270, 1273, 1277, 1278, 1995, 1996, 2001, 2002, 2008, 2010, 2011, 3073, 3074, 3075, 3076, 3077, 3078, 3079, 3080, 3081, 3082, 3083, 3084, 3085
Cell, 164
816, 826, 827, 828, 829, 830, 843, 847, 848, 850, 1591, 1600, 1602, 3086, 3087, 3088, 3089, 3090, 3091, 3092, 3093, 3094
Cell, 165
1915, 1921, 1922, 1924, 2773, 2774, 2775, 2776, 2777, 3095, 3096, 3097, 3098, 3099, 3100, 3101, 3102, 3103
Cell, 166
642, 643, 651, 654, 655, 831, 836, 845, 846, 1251, 2225, 2231, 2234, 2236, 2240, 2243, 2247, 2434, 3104, 3105, 3106, 3107, 3108, 3109
Cell, 167
989, 994, 999, 1000, 1002, 1006, 1085, 1087, 1088, 1090, 1093, 1097, 2077, 3110, 3111, 3112, 3113, 3114, 3115, 3116, 3117, 3118, 3119, 3120, 3121, 3122
Cell, 168
1505, 1506, 1509, 1514, 1537, 1554, 1555, 1556, 1557, 1558, 2228, 2230, 2232, 2233, 2429, 2431, 2432, 2435, 2652, 2656, 2723, 2724, 2729, 2888, 2893, 3123, 3124, 3125
Cell, 169
578, 582, 596, 958, 959, 961, 1653, 1655, 1656, 1663, 1672, 2477, 2478, 2486, 2658, 2667, 2671, 3126, 3127, 3128
Cell, 170
110, 113, 115, 121, 123, 783, 784, 786, 789, 802, 807, 808, 837, 855, 3129, 3130, 3131, 3132, 3133, 3134, 3135, 3136, 3137
Cell, 171
329, 332, 350, 351, 2168, 2171, 2175, 2178, 2183, 2821, 2822, 2827, 2828, 2829, 3138, 3139, 3140, 3141, 3142, 3143, 3144, 3145, 3146, 3147, 3148, 3149, 3150, 3151
Cell, 172
459, 463, 467, 476, 627, 630, 631, 632, 638, 1033, 1039, 1044, 1045, 1046, 1050, 1206, 1213, 1803, 1808, 1809, 1810, 1812, 3152, 3153, 3154, 3155, 3156, 3157, 3158, 3159, 3160, 3161, 3162, 3163, 3164, 3165
Cell, 173
340, 341, 348, 1066, 1068, 1069, 1988, 1990, 1991, 2854, 2855, 3166, 3167, 3168, 3169, 3170, 3171, 3172, 3173, 3174, 3175, 3176
Cell, 174
1308, 1313, 1328, 1960, 1961, 1963, 3177, 3178, 3179, 3180, 3181, 3182, 3183, 3184, 3185, 3186, 3187, 3188
Cell, 175
254, 259, 260, 261, 262, 1406, 1407, 1408, 1409, 1413, 1418, 1676, 1678, 1682, 1691, 1692, 2279, 2817, 2880, 2881, 2882, 3110, 3111, 3119, 3189, 3190, 3191, 3192, 3193, 3194
Cell, 176
1995, 1998, 2001, 2005, 3073, 3075, 3076, 3079, 3195, 3196, 3197, 3198, 3199, 3200, 3201, 3202
Cell, 177
2167, 2168, 2170, 2171, 2172, 2173, 2821, 3140, 3141, 3142, 3143, 3203, 3204, 3205, 3206, 3207, 3208, 3209
Cell, 178
290, 297, 300, 302, 1804, 1805, 1807, 1808, 1810, 2780, 2782, 2783, 2784, 2785, 2896, 2897, 2898, 3160, 3161, 3164, 3165, 3210, 3211, 3212, 3213, 3214, 3215, 3216, 3217, 3218
Cell, 179
130, 223, 224, 225, 1109, 1115, 1118, 1119, 1248, 1255, 1262, 1535, 1541, 1551, 1565, 2961, 2962, 2963, 2965, 3219, 3220, 3221, 3222, 3223, 3224, 3225, 3226, 3227, 3228, 3229
Cell, 180
1041, 1610, 1611, 1619, 1622, 2097, 2098, 2099, 2104, 2106, 2107, 2109, 2110, 3230, 3231, 3232, 3233, 3234, 3235, 3236, 3237, 3238, 3239, 3240, 3241, 3242, 3243, 3244, 3245, 3246
Cell, 181
1056, 1059, 1060, 1061, 1064, 1067, 1227, 1228, 2041, 2047, 2049, 2052, 2053, 3247, 3248, 3249, 3250, 3251, 3252, 3253, 3254, 3255, 3256, 3257, 3258, 3259, 3260, 3261, 3262, 3263
Cell, 182
1178, 1181, 1182, 1186, 1187, 1742, 1745, 1751, 2524, 2528, 2529, 2586, 2587, 2588, 2590, 3264, 3265, 3266, 3267, 3268
Cell, 183
891, 893, 896, 899, 910, 911, 912, 1616, 1627, 1631, 1632, 2222, 3178, 3179, 3181, 3182, 3187, 3188, 3269, 3270, 3271, 3272, 3273, 3274, 3275, 3276, 3277, 3278, 3279, 3280, 3281, 3282
Cell, 184
1076, 1078, 1082, 1098, 1100, 1491, 1500, 1504, 1507, 1510, 1511, 1516, 1518, 1530, 2726, 2727, 2913, 2915, 2917, 3283, 3284, 3285, 3286, 3287, 3288, 3289
Cell, 185
1323, 1331, 1332, 1333, 1334, 1341, 1664, 1667, 1819, 1824, 1827, 2933, 2935, 2940, 2943, 2946, 2947, 2953, 2958, 3290, 3291, 3292, 3293, 3294, 3295, 3296, 3297, 3298
Cell, 186
158, 168, 170, 1780, 1782, 1795, 1796, 2196, 2197, 2198, 3299, 3300
Cell, 187
1011, 1027, 1031, 2753, 2761, 2765, 2766, 3053, 3056, 3062, 3071, 3072, 3301, 3302, 3303, 3304, 3305, 3306
Cell, 188
201, 202, 205, 208, 209, 210, 212, 215, 216, 977, 978, 1463, 1470, 1475, 1772, 1773, 1774, 1778, 1914, 1919, 1928, 1929, 2773, 2774, 3100, 3102, 3103, 3307, 3308, 3309, 3310, 3311, 3312, 3313, 3314, 3315, 3316
Cell, 189
1287, 1289, 1292, 1293, 1295, 1301, 1917, 1922, 1924, 1925, 1927, 2535, 2683, 2686, 2689, 2693, 3095, 3097, 3098, 3099, 3317, 3318, 3319, 3320, 3321, 3322, 3323, 3324, 3325, 3326, 3327, 3328
Cell, 190
182, 184, 185, 187, 188, 190, 194, 197, 717, 720, 722, 726, 729, 3329, 3330, 3331, 3332, 3333, 3334, 3335, 3336, 3337, 3338, 3339, 3340, 3341, 3342, 3343, 3344, 3345, 3346, 3347
Cell, 191
1033, 1039, 1040, 1051, 1206, 1214, 1220, 3152, 3156, 3348, 3349, 3350, 3351, 3352, 3353, 3354, 3355, 3356, 3357, 3358
Cell, 192
1, 5, 9, 10, 12, 14, 18, 2412, 2413, 2414, 2569, 2570, 2577, 2578, 3359, 3360, 3361, 3362, 3363, 3364, 3365, 3366
Cell, 193
1224, 1226, 1227, 1228, 1230, 1233, 1234, 1235, 2053, 2405, 2406, 2411, 2415, 2421, 2425, 2426, 3250, 3253, 3261, 3367, 3368, 3369, 3370, 3371, 3372, 3373, 3374, 3375
Cell, 194
379, 390, 391, 462, 464, 471, 472, 477, 2081, 2082, 2083, 2084, 2086, 3045, 3052, 3293, 3294, 3296, 3376, 3377, 3378, 3379, 3380, 3381, 3382, 3383, 3384, 3385, 3386, 3387, 3388, 3389, 3390, 3391
Cell, 195
892, 901, 909, 914, 915, 1445, 1454, 1461, 1462, 2096, 2102, 2103, 2218, 2221, 2439, 2441, 2442, 2443, 2833, 3392, 3393, 3394, 3395, 3396, 3397, 3398, 3399, 3400
Cell, 196
279, 283, 286, 288, 290, 291, 296, 302, 303, 304, 2014, 2015, 2019, 2536, 2546, 2547, 2782, 2784, 2896, 2897
Cell, 197
2364, 2369, 2371, 2374, 2375, 3110, 3118, 3119, 3120, 3121, 3189, 3192, 3193, 3401, 3402, 3403, 3404, 3405, 3406, 3407, 3408, 3409, 3410, 3411
Cell, 198
664, 666, 675, 678, 679, 1516, 1517, 1518, 1519, 1520, 1525, 1529, 1530, 2370, 2381, 2382, 2913, 2915, 2920, 2932, 3289, 3412, 3413, 3414, 3415, 3416
Cell, 199
3417, 3418, 3419, 3420, 3421, 3422, 3423, 3424, 3425, 3426, 3427, 3428, 3429, 3430, 3431, 3432, 3433, 3434
Cell, 200
630, 633, 638, 639, 1206, 1211, 1212, 1213, 1214, 1803, 1812, 1813, 2598, 2600, 2609, 3155, 3156, 3353, 3356, 3435
Cell, 201
2860, 2861, 2873, 2874, 2900, 2902, 2904, 3023, 3025, 3026, 3436, 3437, 3438, 3439, 3440, 3441, 3442, 3443, 3444, 3445
Cell, 202
439, 445, 447, 448, 863, 865, 875, 2151, 2156, 2159, 2384, 2388, 2393, 3446, 3447
Cell, 203
530, 531, 534, 535, 539, 546, 1015, 1018, 1020, 1021, 1492, 1501, 1502, 1503, 1986, 2078, 2147, 2756, 2767, 2768, 2771, 2772, 3448, 3449
Cell, 204
1673, 1677, 1680, 1681, 1684, 2445, 2454, 2456, 2457, 2815, 2816, 3450, 3451, 3452, 3453, 3454, 3455, 3456
Cell, 205
893, 903, 907, 908, 912, 913, 2216, 2217, 2219, 2222, 2223, 2834, 2836, 2838, 3269, 3276, 3278, 3281, 3282, 3457, 3458, 3459, 3460, 3461, 3462, 3463, 3464, 3465, 3466, 3467, 3468, 3469, 3470, 3471
Cell, 206
54, 58, 64, 65, 68, 70, 338, 360, 361, 2967, 2969, 2970, 2972, 2973, 2976, 3000, 3002, 3004, 3005, 3013, 3472, 3473, 3474, 3475, 3476, 3477, 3478, 3479, 3480, 3481, 3482, 3483, 3484, 3485, 3486, 3487, 3488, 3489
Cell, 207
77, 90, 102, 103, 105, 1704, 1710, 1711, 1714, 1716, 1806, 1815, 1816, 2601, 2602, 2604, 2605, 2606, 2608, 3490, 3491, 3492, 3493, 3494, 3495, 3496, 3497, 3498, 3499, 3500, 3501, 3502
Cell, 208
2014, 2016, 2017, 2019, 2020, 2023, 2536, 2544, 2781, 2782, 2785, 2786, 2787, 2895, 2896, 2898, 3211, 3503, 3504, 3505, 3506, 3507, 3508, 3509, 3510, 3511
Cell, 209
398, 399, 403, 412, 414, 2704, 2707, 2710, 2711, 2713, 2719, 3512, 3513, 3514, 3515, 3516, 3517, 3518, 3519, 3520, 3521, 3522, 3523, 3524, 3525, 3526, 3527, 3528
Cell, 210
280, 297, 301, 302, 303, 966, 967, 970, 985, 986, 988, 1804, 1807, 1814, 2778, 2779, 2783, 2784, 3215, 3529
Cell, 211
85, 88, 95, 100, 101, 1846, 1847, 1848, 1851, 1852, 1853, 2316, 2317, 2324, 2328, 2329, 2332, 2337, 3348, 3351, 3355, 3358, 3530, 3531, 3532, 3533, 3534, 3535, 3536, 3537
Cell, 212
31, 44, 50, 51, 2281, 2300, 2302, 2311, 3457, 3464, 3466, 3467, 3538, 3539, 3540, 3541, 3542, 3543, 3544, 3545, 3546, 3547, 3548, 3549, 3550, 3551, 3552, 3553, 3554, 3555
Cell, 213
460, 463, 464, 465, 469, 475, 476, 1032, 1049, 1050, 1052, 2031, 2032, 2037, 2039, 3162, 3556, 3557, 3558, 3559, 3560, 3561, 3562, 3563, 3564, 3565
Cell, 214
1847, 1848, 1850, 2315, 2318, 2319, 2323, 2324, 2333, 2336, 2337, 2704, 2706, 2713, 2717, 3514, 3515, 3522, 3525, 3526, 3535, 3537, 3566, 3567, 3568, 3569, 3570, 3571
Cell, 215
1145, 1147, 1150, 1156, 1162, 1490, 1493, 1494, 1495, 1496, 1499, 1730, 1732, 1734, 1736, 1737, 2826, 3572, 3573, 3574
Cell, 216
30, 31, 40, 42, 43, 44, 2281, 2285, 2287, 2288, 2289, 2830, 2831, 2835, 2837, 3030, 3033, 3465, 3466, 3467, 3548, 3575
Cell, 217
3053, 3057, 3070, 3071, 3301, 3302, 3303, 3304, 3576, 3577, 3578, 3579, 3580, 3581, 3582, 3583, 3584, 3585, 3586, 3587, 3588, 3589
Cell, 218
1410, 1412, 1414, 1415, 1416, 1420, 1649, 1650, 1659, 1670, 1888, 1890, 1891, 1900, 1953, 1958, 1959, 2492, 2500, 2502, 2503, 2506, 2511, 2808, 2818, 3590, 3591, 3592, 3593, 3594, 3595, 3596
Cell, 219
2132, 2135, 2136, 2138, 2139, 2140, 2144, 3597, 3598, 3599, 3600, 3601, 3602, 3603, 3604, 3605, 3606, 3607, 3608, 3609, 3610, 3611, 3612, 3613
Cell, 220
507, 515, 518, 526, 527, 529, 885, 887, 888, 2386, 2389, 2394, 2395, 2396, 2397, 2399, 2883, 3614, 3615, 3616, 3617, 3618, 3619, 3620, 3621, 3622, 3623, 3624
Cell, 221
442, 443, 444, 445, 448, 449, 857, 860, 873, 882, 2755, 2758, 2762, 2765, 2766, 3301, 3304, 3306, 3447, 3576, 3577, 3625, 3626, 3627, 3628, 3629
Cell, 222
858, 860, 862, 870, 873, 879, 3626, 3627, 3630, 3631, 3632, 3633, 3634, 3635, 3636, 3637, 3638, 3639, 3640, 3641, 3642
Cell, 223
128, 129, 130, 132, 133, 138, 140, 143, 147, 2464, 2963, 2966, 3219, 3220, 3224, 3643, 3644, 3645, 3646, 3647, 3648, 3649, 3650, 3651, 3652, 3653, 3654, 3655, 3656, 3657, 3658, 3659, 3660, 3661, 3662
Cell, 224
991, 992, 994, 997, 998, 999, 1001, 1055, 1063, 1065, 1070, 1071, 1077, 1089, 1090, 1093, 1094, 1095, 1989, 3663
Cell, 225
327, 328, 342, 734, 738, 752, 756, 2906, 2907, 2910, 2911, 2912, 2975, 3144, 3146, 3147, 3148, 3664, 3665, 3666, 3667, 3668, 3669, 3670, 3671, 3672, 3673, 3674, 3675, 3676, 3677, 3678
Cell, 226
1011, 1012, 1023, 1024, 1025, 1027, 1372, 1388, 1389, 1402, 1403, 1404, 1405, 1597, 1607, 1948, 1949, 1951, 1952, 2262, 2265, 2270, 3053, 3056, 3057, 3059, 3068, 3302, 3581, 3582, 3585, 3679, 3680, 3681, 3682, 3683
Cell, 227
1676, 1686, 1687, 1691, 1702, 2498, 2501, 2506, 2507, 2510, 2511, 2625, 2629, 2630, 2647, 2648, 2808, 2810, 2811, 2817, 2882, 2885, 3014, 3015, 3021, 3022, 3194, 3684, 3685, 3686, 3687, 3688, 3689, 3690, 3691, 3692, 3693, 3694
Cell, 228
629, 631, 636, 638, 639, 2116, 2122, 2124, 2125, 2129, 2366, 2377, 2378, 3152, 3156, 3159, 3349, 3353, 3354, 3695, 3696, 3697
Cell, 229
2058, 2062, 2063, 2064, 2065, 2172, 2173, 2174, 3203, 3206, 3207, 3698, 3699, 3700, 3701, 3702, 3703, 3704, 3705, 3706, 3707, 3708
Cell, 230
5, 7, 14, 24, 25, 29, 760, 781, 989, 990, 995, 1002, 1009, 1225, 1232, 1234, 1235, 1238, 1444, 1452, 1453, 1459, 1460, 2412, 2415, 2619, 2621, 3040, 3114, 3116, 3359, 3361, 3365, 3374, 3709, 3710, 3711, 3712, 3713
Cell, 231
2213, 2214, 2215, 2220, 2439, 2440, 2442, 2444, 3393, 3396, 3514, 3516, 3524, 3525, 3527, 3528, 3569, 3570, 3714, 3715, 3716, 3717, 3718, 3719, 3720, 3721, 3722, 3723
Cell, 232
1306, 1308, 1313, 1325, 1327, 1330, 1331, 1334, 1665, 1666, 1667, 1824, 1826, 1963, 1965, 3184, 3185, 3292, 3293, 3294, 3377, 3390, 3391, 3724, 3725, 3726, 3727, 3728, 3729, 3730, 3731
Cell, 233
3, 6, 10, 11, 12, 1746, 1748, 1749, 1752, 1756, 1860, 1878, 1879, 1881, 2400, 2403, 2404, 2414, 2569, 2570, 3366, 3732
Cell, 234
2104, 2109, 2111, 2112, 2113, 3230, 3235, 3238, 3733, 3734, 3735, 3736, 3737, 3738, 3739, 3740, 3741, 3742, 3743, 3744, 3745, 3746
Cell, 235
3747, 3748, 3749, 3750, 3751, 3752, 3753, 3754, 3755, 3756, 3757, 3758, 3759, 3760, 3761, 3762, 3763, 3764, 3765, 3766, 3767, 3768
Cell, 236
2079, 2088, 2089, 2920, 2931, 2932, 3412, 3413, 3414, 3415, 3416, 3769, 3770, 3771, 3772, 3773, 3774, 3775, 3776, 3777, 3778, 3779, 3780, 3781
Cell, 237
1675, 1677, 1681, 1683, 1686, 1687, 1688, 2811, 2814, 2815, 3452, 3454, 3456, 3688, 3689, 3782, 3783, 3784
Cell, 238
0, 1, 8, 9, 1170, 1176, 1184, 1190, 1200, 1201, 2517, 2521, 2522, 2527, 2565, 2577, 2578, 2857, 2867, 2868, 2872, 2879, 2901, 2905, 3025, 3026, 3362, 3363, 3443, 3785
Cell, 239
1, 4, 6, 8, 12, 13, 1745, 1747, 1750, 1751, 2515, 2524, 2526, 2527, 2528, 3264, 3265, 3266, 3362, 3366, 3732, 3786, 3787, 3788, 3789, 3790, 3791, 3792
Cell, 240
313, 315, 316, 317, 318, 448, 865, 870, 871, 873, 2390, 2391, 2754, 2755, 2757, 2758, 2767, 2768, 3446, 3447, 3449, 3627, 3632, 3634, 3793
Cell, 241
783, 805, 806, 807, 1505, 1510, 1511, 1514, 1515, 1528, 1529, 1530, 2429, 2433, 2435, 2436, 2437, 2723, 2726, 2913, 2916, 2917, 2923, 2926, 2927, 2928, 3123, 3135, 3285, 3288, 3794, 3795
Cell, 242
7, 28, 29, 1856, 1870, 1872, 1873, 1874, 1875, 2411, 2415, 2416, 2618, 2619, 2620, 3041, 3042, 3043, 3374, 3375, 3712, 3796, 3797, 3798, 3799, 3800, 3801, 3802, 3803, 3804, 3805, 3806, 3807, 3808
Cell, 243
803, 805, 807, 808, 2433, 2437, 2438, 2914, 2927, 2928, 3130, 3133, 3134, 3135, 3284, 3285, 3287, 3288, 3795, 3809, 3810, 3811
Cell, 244
2623, 2624, 2625, 2641, 2642, 2643, 2647, 3014, 3018, 3020, 3021, 3684, 3686, 3812, 3813, 3814, 3815, 3816, 3817, 3818, 3819, 3820
Cell, 245
1536, 1538, 1561, 1562, 2674, 2683, 2684, 2685, 2692, 2693, 3321, 3821, 3822, 3823, 3824, 3825, 3826, 3827, 3828, 3829, 3830, 3831, 3832, 3833
Cell, 246
1683, 1686, 1689, 1699, 1700, 1701, 1702, 2885, 2886, 2887, 3684, 3685, 3686, 3688, 3812, 3818, 3834, 3835, 3836, 3837, 3838, 3839, 3840, 3841, 3842, 3843, 3844, 3845
Cell, 247
416, 422, 427, 428, 429, 430, 591, 599, 1953, 1954, 1957, 1958, 1966, 1967, 3590, 3591, 3592, 3593, 3595, 3596, 3755, 3757, 3758, 3846, 3847, 3848, 3849, 3850, 3851, 3852, 3853, 3854
Cell, 248
2364, 2367, 2369, 2372, 2373, 2381, 2382, 3405, 3412, 3413, 3770, 3771, 3772, 3775, 3779, 3855, 3856, 3857, 3858, 3859
Cell, 249
1013, 1014, 1015, 1016, 1020, 1022, 1023, 1027, 1030, 1031, 1394, 1397, 1402, 1498, 1501, 2753, 2756, 2762, 2763, 2764, 2765, 2769, 2772, 3056, 3062, 3305, 3306, 3448, 3628, 3860, 3861
Cell, 250
1568, 1571, 1572, 1573, 1574, 3862, 3863, 3864, 3865, 3866, 3867, 3868, 3869, 3870, 3871, 3872, 3873, 3874, 3875, 3876, 3877, 3878, 3879, 3880
Cell, 251
461, 466, 473, 474, 1041, 1042, 1909, 1912, 1913, 2079, 2081, 2082, 2089, 3046, 3047, 3051, 3052, 3240, 3243, 3245, 3246, 3384, 3769, 3771, 3772, 3774, 3856, 3881, 3882, 3883, 3884, 3885, 3886, 3887, 3888
Cell, 252
1054, 1057, 1063, 1066, 1068, 1071, 1151, 1159, 1165, 1985, 1989, 1990, 1991, 1992, 2854, 3166, 3170, 3889, 3890, 3891, 3892, 3893, 3894, 3895
Cell, 253
90, 104, 105, 969, 986, 987, 988, 1806, 1814, 1816, 1817, 1918, 1920, 1923, 1932, 1933, 2602, 2604, 2610, 3493, 3494, 3495, 3496, 3529, 3896, 3897, 3898, 3899, 3900, 3901, 3902, 3903, 3904, 3905, 3906, 3907, 3908, 3909
Cell, 254
159, 176, 177, 180, 555, 557, 559, 562, 563, 567, 574, 2131, 2141, 2142, 2468, 2479, 2485, 2488, 2670, 3044, 3049, 3050, 3910, 3911, 3912, 3913
Cell, 255
1855, 1858, 1860, 1870, 1871, 1873, 1879, 2400, 2409, 2411, 2416, 2425, 3370, 3375, 3798, 3799, 3805, 3806, 3914, 3915, 3916, 3917
Cell, 256
1621, 1634, 1636, 1637, 1638, 1641, 1645, 1647, 1648, 2214, 2220, 2444, 2789, 2794, 2801, 3513, 3518, 3521, 3523, 3527, 3528, 3718, 3720, 3721, 3723, 3918, 3919, 3920, 3921, 3922, 3923, 3924, 3925, 3926, 3927, 3928, 3929, 3930, 3931, 3932, 3933, 3934
Cell, 257
2624, 2625, 2630, 2634, 2636, 2638, 3685, 3686, 3691, 3818, 3834, 3836, 3837, 3838, 3841, 3842, 3935, 3936, 3937, 3938, 3939, 3940, 3941, 3942, 3943, 3944, 3945, 3946
Cell, 258
467, 470, 475, 476, 2028, 2029, 2030, 2032, 2037, 2038, 2080, 2087, 2554, 2557, 2558, 2559, 3157, 3162, 3164, 3165, 3218, 3222, 3223, 3226, 3227, 3561, 3773, 3780, 3781, 3947, 3948, 3949
Cell, 259
416, 417, 419, 425, 428, 2919, 2921, 2922, 3046, 3047, 3048, 3406, 3407, 3408, 3759, 3765, 3766, 3769, 3770, 3774, 3775, 3776, 3777, 3853, 3854, 3859, 3882, 3884, 3950, 3951
Cell, 260
1830, 1831, 1833, 1834, 2114, 2115, 2117, 2119, 2127, 2841, 2843, 2844, 2847, 2858, 2860, 2862, 2863, 2869, 2874, 3023, 3024, 3440, 3952, 3953, 3954, 3955, 3956, 3957
Cell, 261
603, 611, 613, 614, 616, 921, 926, 929, 935, 936, 942, 1266, 1675, 1681, 1684, 1695, 1696, 1697, 2070, 2073, 3453, 3454, 3784, 3958
Cell, 262
788, 803, 804, 805, 806, 811, 1107, 1108, 1109, 1111, 1113, 1115, 1117, 1537, 1551, 1557, 1563, 2429, 2431, 2436, 2923, 2925, 2926, 2962, 3123, 3225, 3794, 3795
Cell, 263
108, 111, 113, 114, 115, 120, 124, 183, 192, 193, 789, 832, 834, 835, 837, 840, 856, 3054, 3064, 3065, 3069, 3131, 3959, 3960, 3961, 3962, 3963, 3964, 3965, 3966
Cell, 264
0, 9, 18, 20, 23, 1838, 1839, 1840, 2517, 2856, 2857, 2858, 2862, 2864, 2868, 2905, 3024, 3360, 3363, 3364, 3954, 3957
Cell, 265
1857, 1858, 1871, 1884, 1885, 3798, 3799, 3807, 3808, 3914, 3916, 3917, 3967, 3968, 3969, 3970, 3971, 3972, 3973, 3974, 3975, 3976, 3977, 3978, 3979, 3980, 3981, 3982, 3983, 3984, 3985, 3986
Cell, 266
106, 107, 112, 116, 117, 184, 186, 188, 189, 196, 239, 240, 243, 249, 257, 585, 586, 594, 595, 711, 712, 720, 2277, 2278, 3331, 3987
Cell, 267
2627, 2631, 2649, 2650, 3417, 3421, 3424, 3433, 3434, 3988, 3989, 3990, 3991, 3992, 3993, 3994, 3995, 3996, 3997, 3998
Cell, 268
891, 894, 900, 902, 911, 914, 915, 1419, 1615, 1629, 1630, 1631, 1632, 2090, 2101, 2441, 3179, 3182, 3183, 3399, 3847, 3850, 3851, 3999, 4000, 4001
Cell, 269
1855, 1857, 1858, 1859, 1862, 1864, 1866, 1877, 2408, 2409, 2418, 2428, 3917, 3971, 3977, 4002, 4003, 4004, 4005, 4006, 4007, 4008, 4009, 4010, 4011, 4012
Cell, 270
221, 222, 224, 225, 226, 227, 231, 235, 1535, 1543, 1547, 1564, 1565, 2552, 2553, 2557, 2559, 2561, 3219, 3220, 3223, 3226, 3503, 3504, 3505, 3508, 3509, 3510, 3653, 3654, 3948, 4013
Cell, 271
1540, 1545, 1548, 1549, 1554, 1555, 2653, 2654, 2656, 2657, 2728, 2890, 2891, 2893, 3125, 4014, 4015, 4016, 4017, 4018, 4019, 4020, 4021, 4022, 4023, 4024, 4025, 4026, 4027, 4028
Cell, 272
2224, 2225, 2228, 2232, 2234, 2235, 2239, 2241, 2242, 2245, 2720, 2721, 2722, 2724, 2728, 2730, 2732, 2822, 2827, 2893, 3106, 3124, 3125, 3138, 3139, 3141, 3142, 3150, 3151, 3206, 3207, 3699, 3700, 4016, 4020, 4021, 4024, 4029, 4030, 4031, 4032
Cell, 273
1609, 1610, 1611, 1617, 1624, 1628, 2104, 2110, 2111, 3230, 3233, 3242, 3737, 3738, 3739, 3742, 3743, 4033, 4034, 4035, 4036, 4037
Cell, 274
187, 190, 191, 3332, 3334, 3337, 3338, 3340, 3341, 3342, 3630, 3633, 3637, 3639, 3640, 3642, 4038, 4039, 4040, 4041, 4042, 4043
Cell, 275
333, 354, 356, 357, 358, 664, 666, 667, 676, 1086, 1087, 1088, 1517, 2368, 2370, 2376, 2379, 2839, 2843, 2844, 2848, 2877, 3112, 3117, 3122, 3955, 3956, 4044, 4045, 4046
Cell, 276
762, 771, 772, 774, 1440, 1442, 1447, 1448, 1455, 1456, 2365, 2368, 2374, 2375, 2376, 2839, 2852, 2853, 3113, 3117, 3120, 3121, 3122, 3401, 3403, 3409, 4045, 4047
Cell, 277
2, 15, 16, 17, 1443, 1449, 1450, 1451, 1829, 1830, 1831, 1832, 1843, 1845, 2313, 2317, 2327, 2330, 2332, 2334, 2335, 2614, 2840, 2841, 2842, 2846, 2847, 2851, 3036, 3037, 3038, 3039, 3530, 3531, 3536, 3952, 4048, 4049, 4050, 4051
Cell, 278
1683, 1688, 1689, 3452, 3455, 3456, 3685, 3688, 3689, 3691, 3692, 3782, 3783, 3841, 3843, 3936, 3938, 4052, 4053, 4054, 4055, 4056
Cell, 279
605, 606, 609, 610, 622, 773, 779, 780, 1232, 1236, 1237, 1238, 3074, 3076, 3077, 3078, 3079, 3080, 3195, 3196, 3709, 3713, 4057, 4058, 4059, 4060, 4061, 4062, 4063, 4064
Cell, 280
1886, 1887, 1889, 1892, 1893, 1899, 2271, 2272, 2273, 2274, 2884, 3016, 3019, 4065, 4066, 4067, 4068
Cell, 281
265, 266, 267, 276, 277, 330, 332, 334, 351, 359, 668, 1080, 1084, 1508, 1513, 2722, 2725, 2731, 2732, 2820, 2822, 2824, 2829, 3150
Cell, 282
1955, 1957, 1962, 1964, 1966, 1969, 3749, 3750, 3755, 3756, 3758, 3762, 3763, 3764, 3768, 3847, 3851, 3852, 3999, 4000, 4001, 4069, 4070, 4071
Cell, 283
280, 282, 287, 292, 297, 300, 1803, 1804, 1806, 1810, 1813, 1814, 1815, 2598, 2603, 2604, 2605, 2609, 2610, 3153, 3155, 3160, 3163, 3529, 3897, 3901, 4072, 4073, 4074, 4075
Cell, 284
920, 935, 936, 937, 944, 1265, 1266, 1268, 1271, 1272, 1673, 1674, 1684, 1695, 2445, 2447, 2449, 3450, 3451, 3453, 3958, 4076, 4077, 4078, 4079, 4080, 4081, 4082, 4083, 4084
Cell, 285
2338, 2341, 2343, 2344, 2346, 2354, 2357, 2362, 2623, 2645, 2646, 2647, 2648, 3014, 3017, 3020, 3022, 3694, 3815, 4085, 4086, 4087, 4088, 4089
Cell, 286
504, 519, 520, 521, 538, 540, 541, 543, 545, 549, 606, 622, 623, 993, 1007, 1008, 1223, 1229, 1231, 1236, 1237, 2043, 2154, 2157, 2162, 4057, 4059, 4061, 4064, 4090, 4091, 4092, 4093
Cell, 287
392, 395, 396, 401, 402, 413, 2699, 2700, 2702, 2703, 4094, 4095, 4096, 4097, 4098, 4099, 4100, 4101, 4102, 4103, 4104, 4105, 4106, 4107
Cell, 288
415, 418, 421, 423, 429, 430, 436, 577, 593, 599, 600, 601, 956, 959, 961, 1652, 1656, 1658, 1661, 1662, 1663, 1823, 1890, 1891, 1901, 3591, 3592, 3846
Cell, 289
1438, 1443, 1446, 1450, 2319, 2324, 2332, 2335, 2842, 2845, 2849, 2850, 2851, 3533, 3534, 3535, 3536, 3567, 4048, 4108, 4109, 4110, 4111, 4112, 4113, 4114
Cell, 290
2634, 2637, 2638, 3836, 3838, 3844, 3935, 3939, 3940, 3942, 3990, 3991, 3992, 3994, 3998, 4115, 4116, 4117, 4118, 4119, 4120, 4121
Cell, 291
1171, 1172, 1179, 1189, 1191, 1195, 4122, 4123, 4124, 4125, 4126, 4127, 4128, 4129, 4130, 4131, 4132, 4133, 4134, 4135, 4136, 4137, 4138, 4139, 4140, 4141
Cell, 292
830, 833, 835, 840, 848, 1393, 1396, 1398, 1399, 1400, 1593, 1595, 1600, 1602, 1606, 3061, 3065, 3069, 3086, 3960, 3962, 4142
Cell, 293
32, 34, 37, 38, 39, 49, 927, 934, 947, 949, 1269, 1277, 1278, 1343, 1344, 2000, 2011, 3083, 3085, 4143, 4144, 4145
Cell, 294
393, 394, 397, 399, 403, 1609, 1613, 1617, 1621, 1638, 1643, 2801, 2802, 3512, 3518, 3520, 3523, 4033, 4035, 4146
Cell, 295
1343, 1344, 1345, 1346, 1347, 1352, 1354, 1356, 1362, 4143, 4144, 4145, 4147, 4148, 4149, 4150, 4151, 4152, 4153, 4154, 4155, 4156, 4157, 4158, 4159, 4160, 4161, 4162
Cell, 296
111, 124, 125, 1393, 1394, 1395, 1397, 1398, 1595, 2760, 2763, 2764, 3054, 3062, 3065, 3072, 3305, 3860, 3861, 3962, 3963, 3964
Cell, 297
735, 736, 746, 750, 1467, 1470, 1473, 1474, 1475, 1476, 1477, 1489, 1758, 1772, 3308, 3312, 4163, 4164, 4165, 4166, 4167, 4168
Cell, 298
1818, 1819, 1820, 1824, 2083, 2085, 2086, 2933, 2937, 2946, 2952, 3044, 3045, 3050, 3294, 3295, 3296, 3379, 3383, 3385, 3391, 3910, 3911, 3912, 4169, 4170, 4171
Cell, 299
127, 134, 135, 150, 153, 552, 569, 571, 785, 804, 811, 1108, 1521, 1522, 1523, 2462, 2463, 2465, 2916, 2918, 2923, 2924, 2925, 2930, 2961, 2962, 3221, 3225, 3228, 3794
Cell, 300
672, 682, 683, 1519, 1520, 1524, 1527, 1531, 1539, 1541, 1552, 1564, 1565, 3154, 3157, 3161, 3165, 3210, 3212, 3218, 3222, 3226, 3229, 3414, 3415, 3504, 3505, 3506, 3507, 3778, 3780, 3781, 3947, 3948, 4172, 4173, 4174, 4175
Cell, 301
904, 908, 913, 2213, 2215, 2217, 2218, 2221, 2439, 2831, 2832, 2833, 2834, 2835, 3029, 3030, 3033, 3034, 3393, 3397, 3398, 3464, 3465, 3466, 3539, 3548, 3575, 3714, 3716, 3717
Cell, 302
686, 688, 690, 691, 692, 693, 694, 695, 708, 790, 794, 798, 1103, 1104, 1105, 1106, 1112, 1250, 2430, 2964
Cell, 303
459, 467, 470, 473, 474, 1039, 1042, 1051, 2080, 2088, 2089, 2366, 2367, 2373, 2377, 3152, 3154, 3157, 3158, 3159, 3349, 3350, 3352, 3695, 3696, 3772, 3773, 3778, 3779, 3780, 3856, 3857, 3858, 3885, 3886, 4175, 4176, 4177
Cell, 304
830, 833, 838, 843, 844, 852, 1396, 1400, 1401, 1591, 1599, 1600, 1603, 1604, 1728, 1731, 1733, 1738, 2055, 2057, 2227, 2244, 3088, 3092, 3093, 4142
Cell, 305
484, 486, 489, 491, 493, 1897, 1898, 2345, 2355, 2356, 2491, 2493, 2496, 2499, 2509, 2512, 2513, 4178, 4179, 4180, 4181, 4182, 4183, 4184, 4185, 4186
Cell, 306
73, 74, 79, 100, 101, 626, 629, 633, 639, 2124, 3351, 3353, 3354, 3355, 3356, 3435, 3532, 3697
Cell, 307
2999, 3007, 3009, 3010, 3011, 4187, 4188, 4189, 4190, 4191, 4192, 4193, 4194, 4195, 4196, 4197, 4198, 4199, 4200, 4201
Cell, 308
162, 169, 172, 1782, 1785, 1791, 1793, 1795, 1799, 2198, 2202, 2203, 2210, 2663, 2665, 2667, 2669, 2671, 2672, 2943, 2944, 2947, 2959, 2960, 3127, 3290, 3299, 4202, 4203, 4204, 4205, 4206, 4207, 4208
Cell, 309
136, 143, 146, 147, 152, 154, 155, 156, 157, 566, 572, 686, 687, 694, 697, 699, 700, 790, 792, 795, 1105, 2964, 3655, 3659, 3660, 4209, 4210, 4211, 4212, 4213, 4214, 4215, 4216, 4217, 4218, 4219
Cell, 310
182, 190, 191, 192, 193, 2753, 2759, 2760, 2761, 2764, 3054, 3055, 3064, 3070, 3071, 3072, 3303, 3305, 3337, 3344, 3347, 3578, 3583, 3589, 3631, 3635, 3636, 3637, 3638, 3639, 3963, 3965, 4220, 4221, 4222, 4223, 4224, 4225
Cell, 311
241, 242, 244, 245, 248, 254, 255, 261, 316, 317, 530, 534, 537, 542, 550, 1083, 1085, 1091, 1097, 1101, 1102, 1502, 1503, 2077, 2078, 2391, 2392, 2757, 2767, 2770, 2771, 2880, 3110, 3111, 3115, 3118, 3190, 3191, 3192, 3411, 3449, 4226, 4227, 4228
Cell, 312
2123, 2125, 2128, 2129, 2378, 2380, 2846, 2850, 2851, 3349, 3350, 3351, 3354, 3357, 3358, 3530, 3532, 3533, 3536, 3696, 3697, 4109, 4112, 4177
Cell, 313
238, 240, 243, 251, 258, 263, 584, 585, 587, 592, 593, 594, 601, 602, 960, 1886, 1893, 1895, 1896, 1901, 2274, 2278, 3987, 4065
Cell, 314
2514, 2521, 2522, 2523, 2524, 2525, 2526, 2529, 2531, 2581, 2586, 2589, 2590, 2596, 2597, 2899, 2900, 2901, 2902, 2903, 3025, 3266, 3437, 3439, 3441, 3443, 3444, 3785, 3792, 4229, 4230, 4231, 4232, 4233, 4234, 4235
Cell, 315
484, 485, 492, 493, 503, 956, 957, 958, 959, 1651, 1653, 1656, 1658, 1668, 1671, 1898, 2478, 2499, 3126, 4185, 4186, 4236, 4237, 4238
Cell, 316
320, 325, 326, 2271, 2273, 2275, 2276, 2387, 2396, 2397, 2881, 2882, 2883, 2884, 2885, 2887, 3015, 3016, 3018, 3019, 3021, 3194, 3618, 3684, 3812, 3813, 3814, 3816, 3835, 4067, 4239, 4240
Cell, 317
662, 680, 684, 685, 2189, 2190, 2192, 2676, 2681, 2682, 2695, 2697, 2780, 2785, 2786, 3210, 3211, 3212, 3214, 3216, 3217, 3506, 3507, 4172, 4173, 4174, 4241, 4242
Cell, 318
1057, 1059, 1062, 1067, 1068, 1069, 2041, 2044, 3168, 3169, 3170, 3254, 3257, 3258, 3889, 3892, 4243, 4244, 4245, 4246
Cell, 319
1282, 1283, 1285, 1286, 1292, 1293, 1302, 2533, 2535, 2537, 2540, 2541, 2549, 2674, 2683, 2689, 2694, 3317, 3321, 3322, 3325, 3825, 3826, 4247, 4248, 4249, 4250, 4251, 4252, 4253, 4254, 4255, 4256, 4257, 4258, 4259
Cell, 320
76, 78, 84, 85, 87, 95, 1829, 1835, 1836, 1843, 2313, 2316, 2326, 2329, 2330, 2331, 2899, 2903, 3436, 3437, 3438, 3439, 4229, 4260
Cell, 321
1365, 1366, 1367, 1374, 1380, 1382, 1383, 1573, 1574, 3867, 3868, 3889, 3890, 3892, 3894, 3895, 4243, 4245, 4246, 4261, 4262, 4263, 4264, 4265, 4266, 4267
Cell, 322
1438, 1439, 1440, 1448, 1449, 1450, 2839, 2840, 2842, 2845, 2848, 2853, 4044, 4045, 4046, 4268
Cell, 323
115, 120, 122, 123, 834, 837, 854, 855, 1491, 1495, 1496, 1497, 1500, 3130, 3133, 3283, 3284, 3286, 3287, 3572, 3574, 3809, 3810, 3959, 3961, 4269
Cell, 324
1441, 1443, 1445, 1446, 1451, 1453, 1454, 1458, 1459, 2832, 2833, 3029, 3034, 3036, 3037, 3040, 3392, 3395, 3398, 4048, 4049, 4113
Cell, 325
611, 615, 616, 766, 768, 769, 773, 775, 780, 921, 923, 941, 942, 1265, 1266, 1270, 1273, 1275, 1276, 1674, 1693, 1694, 1695, 1697, 1996, 2003, 3077, 3078, 4060, 4270
Cell, 326
757, 763, 771, 772, 889, 894, 901, 914, 1408, 1412, 1418, 1419, 1420, 1437, 1442, 1447, 1461, 1462, 3189, 3193, 3399, 3400, 3401, 3409, 3410, 3595, 3596, 3750, 3767, 3768, 3847, 3848, 3850, 3852, 4001, 4271
Cell, 327
337, 339, 346, 347, 734, 738, 740, 747, 754, 2859, 2865, 2906, 2908, 2910, 3672, 3673
Cell, 328
109, 118, 119, 120, 122, 124, 125, 242, 255, 256, 1079, 1083, 1101, 1497, 1498, 1500, 1501, 1502, 1504, 2769, 2770, 2771, 2772, 3283, 3860, 3861, 3959, 3964, 4269, 4272
Cell, 329
54, 60, 61, 63, 67, 68, 69, 71, 2997, 3007, 3011, 3473, 3487, 4194, 4273, 4274, 4275, 4276, 4277, 4278
Cell, 330
84, 86, 87, 1829, 1831, 1834, 1835, 1837, 2115, 2118, 2119, 2313, 2317, 2326, 2328, 2902, 2903, 2904, 3023, 3438, 3439, 3440, 3531, 3952
Cell, 331
480, 481, 482, 1034, 1035, 1036, 1038, 1207, 1215, 1222, 2105, 2107, 2108, 2109, 2112, 3238, 3239, 3736, 3740, 3741, 4102, 4106, 4107, 4279, 4280, 4281, 4282, 4283, 4284, 4285, 4286, 4287
Cell, 332
268, 271, 274, 275, 328, 329, 331, 342, 350, 2186, 2187, 2906, 2908, 3138, 3146, 3147, 3151, 3667, 3673, 3678, 4016, 4020, 4023, 4027, 4288
Cell, 333
858, 861, 866, 870, 878, 879, 3330, 3338, 3341, 3630, 3634, 3641, 3642, 3793, 4038, 4039
Cell, 334
30, 32, 37, 42, 45, 52, 1269, 2285, 2286, 2304, 2305, 2310, 3082, 3083, 3085, 4143, 4145, 4150, 4159, 4289
Cell, 335
647, 651, 653, 655, 702, 704, 706, 707, 709, 818, 828, 829, 842, 843, 844, 845, 846, 847, 849, 1241, 1251, 2243, 2244, 2248, 3089, 3091, 3092, 3104, 3105, 4290, 4291, 4292, 4293, 4294, 4295, 4296
Cell, 336
2091, 2092, 2094, 2095, 2440, 2442, 2443, 3394, 3396, 3514, 3515, 3516, 3517, 3566, 3569, 4297
Cell, 337
14, 15, 17, 18, 20, 21, 22, 24, 1439, 1441, 1449, 1451, 1452, 1460, 1828, 1830, 1833, 1838, 1839, 2840, 2844, 2847, 2848, 3024, 3036, 3364, 3365, 3711, 3954, 3955, 4046, 4268
Cell, 338
415, 419, 421, 424, 427, 428, 1821, 1822, 1823, 1825, 1954, 1955, 1966, 1968, 3046, 3051, 3748, 3755, 3756, 3757, 3853, 3884, 3887, 3950
Cell, 339
552, 554, 558, 565, 571, 579, 583, 589, 597, 783, 802, 806, 811, 2914, 2925, 2926, 2928, 2929, 2930, 3134, 3135, 3136, 3137, 3811, 4298, 4299
Cell, 340
2754, 2755, 2759, 2761, 2766, 3301, 3303, 3576, 3578, 3626, 3627, 3632, 3636, 3638
Cell, 341
1037, 1043, 1045, 1046, 1047, 1053, 1210, 1212, 1213, 2603, 2607, 2609, 2611, 3153, 3155, 4073, 4300, 4301, 4302, 4303
Cell, 342
242, 244, 252, 253, 256, 416, 417, 422, 431, 432, 579, 583, 591, 1079, 1082, 1098, 1101, 1102, 1504, 2914, 2915, 2917, 2921, 2922, 2927, 2929, 2931, 2932, 3283, 3287, 3288, 3289, 3416, 3776, 3777, 3809, 3811, 3849, 3854, 3951, 4228, 4269, 4272, 4298, 4299, 4304
Cell, 343
511, 513, 519, 521, 522, 603, 605, 606, 615, 616, 620, 623, 1679, 1685, 1690, 1694, 1696, 1697, 1996, 2002, 2003, 3074, 3077, 4060, 4061, 4062, 4093, 4270
Cell, 344
3724, 3725, 3729, 3731, 3733, 3734, 3735, 3736, 3741, 3745, 3746, 4279, 4305, 4306, 4307, 4308, 4309, 4310, 4311, 4312, 4313, 4314, 4315, 4316, 4317, 4318, 4319, 4320, 4321, 4322
Cell, 345
126, 141, 144, 151, 368, 370, 374, 375, 383, 563, 567, 568, 2130, 2131, 2132, 2133, 2135, 2141, 2146, 3601, 3613, 3910, 3912, 4169, 4170, 4171, 4323, 4324
Cell, 346
603, 612, 613, 618, 619, 620, 1675, 1679, 1688, 1689, 1696, 1699, 2068, 2070, 2072, 3783, 3784, 3834, 3840, 3842, 3843, 3941, 4054, 4325, 4326, 4327, 4328, 4329, 4330, 4331, 4332, 4333, 4334, 4335, 4336, 4337, 4338, 4339, 4340, 4341
Cell, 347
439, 444, 445, 451, 452, 534, 546, 547, 550, 551, 1013, 1014, 1019, 2147, 2150, 2152, 2153, 2156, 2159, 2384, 2385, 2390, 2391, 2393, 2756, 2758, 2762, 2768, 3446, 3447, 3448, 3449, 3628, 4342
Cell, 348
1371, 1386, 1387, 2252, 2254, 2261, 2262, 2265, 2269, 3679, 3680, 4343, 4344, 4345, 4346, 4347, 4348, 4349, 4350, 4351, 4352, 4353, 4354, 4355, 4356, 4357, 4358, 4359, 4360, 4361, 4362, 4363, 4364, 4365, 4366, 4367, 4368
Cell, 349
554, 565, 570, 573, 576, 580, 581, 589, 590, 597, 598, 713, 714, 715, 718, 786, 800, 802, 2467, 2473, 2480, 3129, 3132, 3137, 4369, 4370, 4371, 4372
Cell, 350
126, 127, 131, 135, 151, 366, 370, 373, 375, 380, 553, 564, 568, 569, 1907, 1908, 1910, 2465, 2918, 2924
Cell, 351
643, 649, 652, 654, 688, 689, 702, 708, 709, 1247, 1250, 1251, 2226, 2231, 2236, 2237, 2430, 2434, 2651, 3104
Cell, 352
3, 4, 6, 27, 1747, 1748, 1749, 1750, 1862, 1863, 1867, 1876, 1877, 1878, 1881, 1882, 2404, 2408, 3732, 3788, 3789, 4373
Cell, 353
735, 739, 741, 743, 746, 1185, 1188, 1190, 1192, 1193, 1198, 1200, 1202, 1203, 1468, 1469, 1473, 1477, 1487, 2866, 2878, 2879, 2967, 2970, 2971, 3000, 3005, 3472, 3479, 3481, 4165, 4374, 4375, 4376
Cell, 354
58, 68, 69, 2573, 2574, 2575, 2737, 2743, 2746, 2747, 2749, 2751, 2752, 3004, 3010, 3011, 3012, 3167, 3168, 3169, 3172, 3173, 3175, 3176, 3247, 3248, 3249, 3252, 3254, 3258, 3473, 3486, 3488, 4189, 4194, 4200, 4201, 4244, 4275, 4377, 4378, 4379, 4380, 4381
Cell, 355
440, 441, 443, 444, 451, 1014, 1019, 1024, 1025, 1026, 1030, 1153, 1166, 1167, 1168, 1365, 1367, 1377, 1379, 1385, 1993, 1994, 3306, 3628, 3682, 3683, 4262, 4267, 4342, 4382
Cell, 356
1506, 1512, 1514, 1515, 1521, 1523, 1527, 1528, 1531, 1533, 1537, 1541, 1551, 1552, 1553, 1558, 2888, 2889, 2916, 3123, 3225, 3228, 3229, 3794
Cell, 357
394, 395, 398, 399, 402, 407, 409, 2700, 2707, 2709, 2794, 2800, 2801, 2804, 3521, 3523, 3919, 4383
Cell, 358
1142, 1148, 1157, 1733, 1735, 1738, 1740, 2055, 2057, 2058, 2063, 2166, 2174, 2179, 2227, 2238, 2240, 2241, 2244, 2245, 2246, 2247, 2248, 2823, 3088, 3091, 3092, 3094, 3109, 3699, 3700, 3701, 3704, 3705
Cell, 359
504, 508, 509, 512, 518, 520, 527, 863, 869, 875, 885, 886, 888, 2148, 2149, 2151, 2153, 2154, 2156, 2157, 2164, 2383, 2385, 2388, 2393, 2395, 2399, 3615, 3622, 3623, 4384, 4385, 4386, 4387, 4388, 4389
Cell, 360
689, 692, 695, 704, 709, 784, 788, 794, 798, 799, 803, 808, 836, 839, 842, 845, 854, 855, 1112, 1113, 2434, 2436, 2437, 2438, 3104, 3133, 3795, 3810
Cell, 361
2364, 2371, 2372, 3232, 3243, 3244, 3245, 3404, 3405, 3407, 3408, 3747, 3753, 3760, 3765, 3766, 3769, 3770, 3771, 3855, 3856, 3857, 3859, 3881, 3882, 3885, 4390, 4391, 4392, 4393
Cell, 362
1437, 1442, 1455, 3402, 3403, 3404, 3406, 3407, 3409, 3410, 3748, 3750, 3751, 3753, 3757, 3758, 3759, 3766, 3767, 3848, 3849, 3852, 3853, 3854, 3950, 3951, 4047, 4271, 4304, 4392
Cell, 363
2282, 2283, 2287, 2288, 2301, 3031, 3033, 3034, 3037, 3038, 3392, 3397, 3398, 3575, 3715, 3716, 3717, 3719, 4049, 4050, 4394, 4395, 4396, 4397
Cell, 364
33, 35, 43, 44, 46, 50, 1585, 1586, 1587, 2834, 2835, 2836, 2837, 3457, 3458, 3463, 3465, 3467, 3470, 3471, 3546, 3551, 3554, 4398, 4399, 4400
Cell, 365
581, 587, 594, 595, 598, 712, 715, 716, 719, 724, 731, 1892, 1893, 1894, 1895, 2467, 2470, 2471, 2475, 2481, 2482, 2484, 3987, 4065, 4066, 4401, 4402, 4403, 4404, 4405, 4406, 4407
Cell, 366
486, 490, 491, 494, 498, 501, 2339, 2341, 2345, 2347, 2348, 2353, 2354, 2355, 3017, 4085, 4180, 4181, 4184, 4408, 4409, 4410, 4411, 4412, 4413, 4414, 4415, 4416
Cell, 367
437, 439, 446, 447, 450, 452, 453, 454, 863, 883, 886, 2148, 2151, 2152, 2158, 2159, 4386, 4387, 4417, 4418, 4419, 4420, 4421, 4422
Cell, 368
40, 41, 43, 46, 47, 53, 758, 761, 766, 769, 776, 777, 778, 897, 905, 906, 919, 922, 955, 1267, 1268, 1271, 1274, 1275, 1584, 2449, 2450, 2451, 2455, 2830, 2836, 2837, 2838, 3468, 3471, 4423
Cell, 369
74, 81, 84, 85, 86, 101, 2114, 2115, 2118, 2124, 2128, 2129, 2326, 2328, 2329, 2841, 2846, 3530, 3531, 3532, 3697, 3952
Cell, 370
1536, 1542, 1545, 1548, 1550, 1562, 2673, 2675, 2684, 2685, 2687, 2891, 2892, 3823, 3828, 4014
Cell, 371
895, 896, 898, 899, 905, 906, 916, 917, 1411, 1417, 1698, 2448, 2455, 2460, 2461, 2806, 2812, 3270, 3277, 4424, 4425, 4426, 4427, 4428
Cell, 372
1224, 1231, 1232, 1234, 1237, 3073, 3079, 3080, 3081, 3196, 3197, 3198, 3200, 3202, 3370, 3371, 3372, 3373, 3374, 3375, 3712, 3713, 3796, 3797, 3805, 4057, 4058, 4090, 4429, 4430, 4431, 4432, 4433, 4434
Cell, 373
314, 319, 320, 321, 322, 325, 859, 861, 864, 866, 876, 2387, 2389, 3334, 3342, 3343, 3813, 3816, 3817, 4038, 4039, 4042, 4043, 4240, 4435, 4436, 4437, 4438, 4439, 4440, 4441, 4442
Cell, 374
218, 221, 229, 232, 234, 235, 1543, 1544, 1546, 2017, 2018, 2021, 2023, 3508, 3510, 4443, 4444, 4445, 4446, 4447, 4448, 4449
Cell, 375
509, 513, 520, 521, 537, 540, 542, 544, 545, 547, 551, 1678, 1682, 1685, 1690, 1700, 1701, 2153, 2154, 2383, 2385, 2392, 2398, 2880, 2886, 3190, 4093, 4226
Cell, 376
1308, 1324, 1325, 1326, 1328, 1329, 1335, 1956, 1961, 3177, 3178, 3180, 3184, 3188, 3274, 3727, 3728, 4450, 4451, 4452, 4453, 4454, 4455, 4456, 4457, 4458, 4459, 4460, 4461, 4462, 4463, 4464, 4465
Cell, 377
264, 265, 270, 272, 277, 663, 669, 1506, 1508, 1509, 1512, 1532, 1533, 2188, 2191, 2721, 2728, 2729, 2731, 2888, 2889, 2890, 2894, 4024, 4028
Cell, 378
418, 420, 423, 426, 434, 435, 578, 588, 596, 961, 1654, 1662, 1663, 1672, 1818, 1819, 1827, 2468, 2485, 2486, 2665, 2667, 2670, 2937, 2946, 2947, 2960, 3049, 3050, 3127, 3290, 3911
Cell, 379
757, 760, 762, 765, 768, 771, 773, 779, 781, 1002, 1006, 1007, 1008, 1009, 1236, 1238, 1406, 1418, 1692, 1693, 3111, 3113, 3114, 3115, 3119, 3120, 3191, 3193, 3401, 3709, 4059, 4060, 4062, 4092, 4227, 4270
Cell, 380
313, 315, 319, 322, 323, 865, 868, 869, 871, 875, 2384, 2388, 2390, 2394, 2395, 3446, 3615, 4442
Cell, 381
733, 735, 736, 737, 739, 963, 974, 983, 984, 2866, 2875, 2876, 4164, 4165, 4167, 4466
Cell, 382
3166, 3167, 3169, 3170, 3171, 3864, 3865, 3867, 3868, 3869, 3872, 3873, 3875, 3876, 3891, 3892, 3894, 4191, 4199, 4200, 4201, 4244, 4246, 4263, 4377, 4378, 4379, 4380, 4467, 4468, 4469, 4470, 4471, 4472, 4473, 4474
Cell, 383
108, 109, 111, 116, 117, 125, 186, 187, 191, 192, 194, 195, 241, 255, 257, 312, 316, 318, 2754, 2757, 2759, 2760, 2763, 2769, 2770, 3330, 3338, 3339, 3630, 3632, 3634, 3637, 3638, 3793, 3860, 3963
Cell, 384
1999, 2006, 2008, 2009, 2010, 2284, 2291, 2312, 3042, 3043, 3073, 3075, 3081, 3084, 3202, 3796, 3797, 3798, 3802, 3803, 3806, 3807, 3914, 3915, 3972, 4432, 4434, 4475, 4476, 4477, 4478, 4479, 4480, 4481, 4482, 4483, 4484, 4485, 4486, 4487, 4488
Cell, 385
340, 341, 352, 353, 355, 360, 361, 362, 363, 1061, 1063, 1065, 1066, 1067, 1069, 1089, 1095, 1096, 1988, 1989, 1990, 2567, 2568, 2573, 2575, 2576, 2870, 2871, 2976, 3004, 3012, 3013, 3168, 3173, 3249, 3254, 3255, 3488, 3489, 3663
Cell, 386
2387, 2389, 2397, 2624, 2627, 2631, 2634, 2637, 2642, 3614, 3616, 3617, 3618, 3619, 3812, 3813, 3817, 3818, 3820, 3835, 3837, 3839, 3935, 3989, 3992, 3994, 3996, 3997, 4435, 4489, 4490
Cell, 387
440, 442, 443, 457, 1011, 1024, 1030, 1031, 1371, 1372, 1379, 1384, 1385, 1386, 1388, 2265, 3302, 3304, 3306, 3577, 3580, 3581, 3625, 3629, 3680, 3681, 3683, 4344, 4345, 4362, 4364, 4365, 4491, 4492, 4493, 4494, 4495, 4496, 4497, 4498, 4499, 4500
Cell, 388
40, 42, 52, 53, 758, 760, 770, 775, 776, 779, 780, 1269, 1270, 1278, 1444, 1453, 1457, 1458, 2285, 2286, 2289, 2291, 2312, 2619, 2620, 2621, 2830, 2831, 2832, 3029, 3030, 3040, 3042, 3078, 3080, 3081, 3082, 3084, 3085, 3709, 3712, 3713, 3796
Cell, 389
285, 286, 291, 308, 309, 1279, 1280, 1288, 1289, 1300, 1301, 1916, 1925, 1926, 1927, 1930, 2546, 4501, 4502, 4503, 4504, 4505, 4506, 4507
Cell, 390
832, 833, 840, 852, 1010, 1016, 1017, 1022, 1392, 1397, 1398, 1399, 1490, 1496, 1497, 1498, 1728, 1730, 1731, 1737, 3573, 3574, 3861, 3959, 3961, 3962, 3964, 4142
Cell, 391
2747, 2750, 2751, 3862, 3865, 3870, 3871, 3872, 3878, 4189, 4195, 4197, 4198, 4199, 4201, 4378, 4381, 4471, 4508, 4509, 4510, 4511
Cell, 392
931, 934, 940, 948, 949, 950, 1344, 1346, 1348, 1349, 1358, 1999, 2000, 2009, 4144, 4151, 4487, 4488, 4512, 4513, 4514, 4515, 4516, 4517, 4518, 4519, 4520, 4521, 4522, 4523, 4524, 4525
Cell, 393
627, 632, 634, 635, 637, 662, 671, 673, 674, 1805, 1808, 1809, 1811, 2190, 3154, 3158, 3161, 3212, 3214, 4173, 4175, 4176, 4241, 4242, 4526, 4527, 4528
Cell, 394
1249, 1258, 1259, 1260, 1534, 1538, 1540, 1544, 1546, 1549, 1561, 2654, 2655, 3833, 4444, 4448, 4449, 4529, 4530, 4531, 4532, 4533, 4534, 4535, 4536, 4537, 4538, 4539, 4540, 4541
Cell, 395
2365, 2366, 2371, 2372, 2373, 2374, 2378, 2380, 2849, 2850, 2852, 3403, 3404, 3696, 3855, 3858, 4047, 4109, 4110, 4177, 4392, 4393
Cell, 396
2319, 2327, 2333, 2335, 3392, 3393, 3394, 3395, 3396, 3397, 3566, 3567, 3568, 3569, 3570, 3716, 3719, 4048, 4049, 4050, 4108, 4113, 4297, 4394
Cell, 397
33, 46, 47, 1584, 1586, 2446, 2450, 2451, 3458, 3468, 3471, 4398, 4423, 4542
Cell, 398
107, 110, 112, 118, 119, 121, 240, 251, 252, 256, 579, 580, 585, 586, 597, 711, 718, 3129, 3136, 3137, 4272, 4299
Cell, 399
1616, 1618, 1624, 1628, 1630, 1632, 1633, 3178, 3179, 3183, 3184, 3185, 3186, 3233, 3241, 3242, 3273, 3274, 3726, 3727, 3738, 3739, 3999, 4000, 4034, 4036, 4069, 4070, 4071, 4452, 4459, 4460, 4463, 4543, 4544, 4545, 4546, 4547, 4548
Cell, 400
1307, 1310, 1330, 1331, 1340, 1341, 3292, 3297, 3725, 3726, 3727, 3728, 3731, 3734, 3738, 3743, 3746, 4034, 4306, 4320, 4463, 4543, 4549, 4550, 4551, 4552, 4553, 4554, 4555, 4556, 4557, 4558, 4559, 4560, 4561
Cell, 401
106, 110, 112, 113, 114, 183, 185, 196, 197, 711, 714, 718, 726, 727, 3129, 3131, 3132, 4370
Cell, 402
680, 681, 682, 683, 684, 1531, 1532, 1533, 1539, 1542, 1550, 1552, 1553, 1559, 2185, 2191, 2192, 2675, 2679, 2687, 2695, 2889, 2892, 2894, 4172, 4174
Cell, 403
349, 354, 357, 634, 637, 640, 641, 665, 670, 673, 674, 676, 677, 962, 973, 975, 981, 2117, 2120, 2121, 2126, 2127, 2379, 2843, 2858, 2863, 2864, 2877, 3953, 3956, 3957, 4527, 4528, 4562
Cell, 404
392, 397, 403, 412, 1609, 1611, 1613, 1619, 1623, 2098, 2105, 2106, 2108, 2110, 2111, 2113, 2701, 2710, 2711, 3231, 3236, 3519, 3520, 3737, 4035, 4146, 4284, 4285
Cell, 405
890, 900, 910, 911, 1414, 1419, 1420, 1956, 1957, 1958, 1959, 1960, 1961, 1962, 3177, 3181, 3182, 3183, 3186, 3594, 3596, 3850, 3851, 4000, 4070, 4464
Cell, 406
279, 284, 287, 289, 290, 294, 300, 1044, 1049, 1050, 2012, 2013, 2552, 2554, 2559, 2563, 2895, 2897, 2898, 3160, 3162, 3163, 3164, 3210, 3211, 3218, 3503, 3504, 3507, 3561, 3562, 3563, 3565, 3948, 3949, 4563
Cell, 407
335, 336, 339, 347, 665, 670, 733, 737, 740, 742, 744, 747, 748, 963, 973, 974, 981, 982, 2859, 2863, 2869, 2876, 3953, 4466, 4562, 4564
Cell, 408
367, 371, 377, 379, 382, 384, 385, 391, 464, 469, 472, 2026, 2027, 2031, 2034, 2039, 2040, 2084, 3389, 3560, 4565, 4566, 4567, 4568, 4569, 4570, 4571
Cell, 409
566, 570, 572, 575, 576, 713, 714, 727, 728, 787, 792, 800, 801, 4211, 4216, 4370, 4372, 4572, 4573, 4574, 4575, 4576, 4577, 4578, 4579, 4580
Cell, 410
890, 895, 899, 910, 1414, 1415, 1417, 2497, 2500, 2503, 2504, 2505, 2806, 2818, 2819, 3177, 3180, 3181, 3187, 3277, 3594, 4428, 4451, 4456, 4458, 4464, 4465, 4581, 4582, 4583, 4584, 4585, 4586, 4587
Cell, 411
1170, 1173, 1178, 1180, 1181, 1184, 1745, 1746, 1747, 1748, 2522, 2526, 2527, 2569, 2577, 2588, 3265, 3362, 3366, 3732, 3785, 3792
Cell, 412
338, 344, 345, 355, 360, 738, 740, 741, 743, 744, 755, 756, 2859, 2865, 2870, 2878, 2909, 2910, 2912, 2970, 2971, 3481, 3489, 3670, 4375, 4376
Cell, 413
627, 631, 636, 637, 641, 2116, 2120, 3158, 3159, 3695, 4176, 4528
Cell, 414
1424, 1431, 1435, 1436, 2402, 2405, 2417, 2419, 2420, 2421, 2422, 2423, 2424, 2571, 2733, 2741, 3250, 3251, 3253, 3262, 3367, 3368, 3369, 4588, 4589, 4590, 4591, 4592, 4593, 4594, 4595, 4596
Cell, 415
2091, 2093, 2095, 2097, 2099, 3231, 3236, 3237, 3512, 3515, 3517, 3519, 3520, 3526, 3534, 3535, 3537, 3566, 3567, 4108, 4111, 4146, 4297, 4597
Cell, 416
1539, 1547, 1559, 1560, 1564, 2676, 2679, 2688, 2695, 2781, 2786, 3505, 3506, 3509, 3511, 4172
Cell, 417
543, 544, 545, 1682, 1685, 1692, 1693, 1694, 3190, 3191, 4059, 4061, 4062, 4092, 4093, 4226, 4227, 4270
Cell, 418
1103, 1104, 1107, 1110, 1111, 1247, 1250, 1556, 1557, 1563, 2226, 2232, 2233, 2235, 2237, 2430, 2431, 2651, 2652, 3124
Cell, 419
1034, 1035, 1040, 1041, 1042, 1051, 1204, 1207, 1219, 1220, 1848, 1849, 1850, 1852, 2105, 2106, 2107, 2701, 2704, 2710, 3231, 3237, 3239, 3244, 3245, 3348, 3352, 3357, 3358, 3519, 3526, 3533, 3534, 3537, 3881, 3886, 4111, 4112, 4114, 4284, 4391, 4597, 4598
Cell, 420
82, 98, 99, 628, 634, 635, 640, 962, 966, 967, 968, 973, 980, 982, 1805, 1807, 1811, 3213, 3214, 3215, 3216, 4241, 4526, 4527, 4562, 4564
Cell, 421
1054, 1057, 1062, 1073, 1074, 1992, 1993, 1994, 2042, 2044, 2050, 2054, 3889, 3890, 4245, 4262, 4264, 4267, 4382, 4599, 4600, 4601
Cell, 422
1618, 1620, 1629, 1630, 2096, 2100, 2101, 2102, 2441, 3399, 3400, 3749, 3751, 3754, 3767, 3768, 3999, 4001, 4069, 4271
Cell, 423
223, 225, 231, 232, 233, 234, 1245, 1246, 1248, 1249, 1255, 1260, 1261, 1263, 1535, 1544, 2963, 2965, 2966, 3224, 3656, 3657, 3661, 4444, 4537, 4539, 4540, 4541, 4602, 4603, 4604, 4605, 4606, 4607, 4608, 4609, 4610, 4611
Cell, 424
77, 79, 88, 96, 100, 102, 1205, 1208, 1211, 1214, 1216, 1219, 1220, 1704, 1705, 1711, 1712, 1851, 1852, 2600, 2601, 2606, 3348, 3355, 3356, 3435
Cell, 425
1366, 1374, 1375, 1569, 1571, 1573, 1577, 1579, 1580, 3863, 3864, 3867, 3891, 3893, 3894, 3895, 4469, 4612, 4613, 4614, 4615, 4616, 4617, 4618, 4619, 4620
Cell, 426
244, 253, 254, 258, 262, 263, 591, 599, 600, 602, 1407, 1408, 1410, 1412, 3189, 3192, 3402, 3410, 3411, 3593, 3595, 3846, 3848, 3849, 4228, 4304
Cell, 427
128, 130, 137, 371, 372, 377, 386, 387, 388, 2029, 2030, 2034, 2036, 2462, 2463, 2464, 2553, 2557, 2961, 3219, 3221, 3223, 3227, 3648, 3654
Cell, 428
3167, 3171, 3172, 3174, 3863, 3864, 3865, 3878, 3880, 4187, 4191, 4193, 4198, 4199, 4377, 4469, 4612, 4614, 4621, 4622, 4623, 4624, 4625, 4626, 4627, 4628
Cell, 429
1610, 1618, 1620, 1622, 1628, 2093, 2099, 2100, 3232, 3234, 3237, 3241, 3242, 3244, 3747, 3749, 3752, 3754, 3760, 3764, 4069, 4071, 4390, 4391, 4597, 4598
Cell, 430
650, 656, 657, 658, 659, 1259, 1260, 1261, 2653, 2655, 2657, 4018, 4529, 4530, 4536, 4540, 4629, 4630, 4631, 4632, 4633, 4634, 4635, 4636, 4637, 4638, 4639, 4640, 4641, 4642, 4643, 4644
Cell, 431
421, 427, 429, 1649, 1650, 1652, 1657, 1660, 1661, 1822, 1823, 1890, 1954, 1967, 3590, 3591
Cell, 432
1534, 1543, 1546, 1547, 1560, 2020, 2021, 2022, 2023, 2532, 2539, 2542, 2543, 2544, 2548, 2787, 3509, 3510, 3511, 3821, 3824, 3832, 4443, 4446, 4448, 4532, 4533, 4535, 4645, 4646
Cell, 433
1146, 1158, 1159, 1164, 1165, 1985, 1987, 2175, 2176, 2177, 2182, 2183, 2184, 2825, 2828, 2854, 2855, 3166, 3171, 3174, 3175, 3176, 3473, 3486, 3487, 3891, 3893, 4275, 4276, 4277, 4278, 4469, 4614, 4617, 4623, 4626, 4647, 4648, 4649, 4650
Cell, 434
1594, 1597, 1598, 1607, 1608, 1940, 1947, 1948, 1949, 2056, 2060, 2066, 2180, 2181, 2258, 2266, 2270, 4651, 4652, 4653
Cell, 435
314, 322, 323, 859, 868, 869, 874, 876, 885, 887, 2389, 2394, 3615, 3617, 3621, 3624, 4435, 4439, 4441, 4442, 4489, 4490, 4654, 4655, 4656
Cell, 436
353, 362, 364, 365, 996, 997, 998, 1077, 1089, 2403, 2407, 2413, 2414, 2565, 2567, 2568, 2570, 2578, 2856, 2868, 2871, 2872, 3359, 3360, 3361, 3363, 3663, 3710
Cell, 437
531, 533, 535, 536, 548, 1013, 1015, 1019, 1021, 1026, 1028, 1072, 1073, 1074, 1075, 1166, 1168, 1169, 1986, 1994, 2054, 2147, 2150, 2160, 3448, 4342, 4382, 4600
Cell, 438
742, 745, 748, 753, 974, 976, 979, 980, 982, 984, 2677, 2681, 2691, 2697, 2776, 2777, 3096, 3101, 3213, 3216, 3217, 4241, 4242, 4466, 4526, 4564
Cell, 439
662, 672, 673, 677, 678, 679, 682, 684, 685, 1520, 2116, 2120, 2121, 2122, 2367, 2377, 2382, 3413, 3415, 3695, 3778, 3779, 4173, 4174, 4175, 4176, 4528
Cell, 440
644, 646, 647, 653, 1239, 1241, 1242, 1244, 1253, 1254, 4291, 4294, 4295, 4657, 4658, 4659, 4660, 4661, 4662, 4663, 4664, 4665, 4666, 4667, 4668, 4669
Cell, 441
1143, 1151, 1152, 1153, 1154, 1155, 1158, 1159, 1167, 1365, 1374, 1375, 1379, 1388, 1389, 1390, 1391, 1404, 1405, 1569, 1607, 1608, 1992, 1993, 2066, 2181, 2182, 2266, 2270, 3682, 3683, 3890, 3893, 3895, 4267, 4616, 4617, 4653
Cell, 442
832, 834, 838, 839, 852, 853, 854, 1727, 1729, 1731, 1732, 1737, 1738, 1740, 2224, 2227, 2229, 2238, 2242, 2432, 2433, 2435, 2438, 2720, 2723, 2726, 2727, 3284, 3285, 3286, 3572, 3574, 3810, 3961
Cell, 443
1037, 1047, 1048, 1208, 1209, 1210, 1216, 1217, 1218, 1221, 1704, 1706, 1714, 1715, 2601, 2607, 2608, 2612, 2613, 3490, 3492, 4301, 4302, 4303, 4670, 4671, 4672, 4673, 4674, 4675, 4676, 4677, 4678, 4679
Cell, 444
487, 490, 497, 501, 2339, 2341, 2343, 2482, 2483, 2484, 4085, 4087, 4088, 4089, 4402, 4404, 4407, 4411, 4680, 4681, 4682, 4683, 4684, 4685, 4686, 4687, 4688, 4689, 4690, 4691
Cell, 445
366, 367, 372, 380, 381, 384, 386, 1521, 1522, 1524, 1526, 1527, 1902, 1905, 1907, 1910, 1911, 2030, 2038, 2040, 2087, 2462, 2465, 2918, 3221, 3222, 3227, 3228, 3229, 3947
Cell, 446
1613, 1621, 1623, 1625, 1636, 2092, 2095, 2097, 2098, 2440, 2444, 3236, 3512, 3516, 3517, 3518, 3527, 4146
Cell, 447
1183, 1189, 1191, 1196, 1197, 1753, 1977, 1978, 1983, 1984, 2736, 2739, 2740, 2744, 2745, 2996, 3008, 4122, 4131, 4137, 4138, 4692, 4693, 4694, 4695, 4696
Cell, 448
126, 131, 133, 138, 139, 141, 149, 373, 375, 383, 387, 388, 389, 2464, 3648, 3651, 3652, 4323
Cell, 449
642, 645, 650, 652, 654, 657, 660, 2234, 2235, 2236, 2237, 2651, 2652, 2656, 2657, 3106, 3107, 3124, 3125, 4017, 4018, 4021, 4022, 4029, 4030, 4031, 4629, 4630, 4633, 4642, 4697, 4698, 4699, 4700, 4701, 4702
Cell, 450
54, 70, 71, 327, 328, 334, 341, 343, 348, 350, 351, 363, 2178, 2183, 2184, 2820, 2825, 2828, 2829, 2855, 2907, 2968, 2973, 2974, 2975, 2976, 3145, 3146, 3148, 3173, 3176, 3486, 3487, 3488, 3669, 4277, 4649, 4650, 4703, 4704
Cell, 451
141, 142, 144, 145, 148, 149, 155, 156, 557, 563, 2131, 2132, 2134, 2140, 2142, 3601, 3602, 3607, 3608, 3609, 3913, 4217, 4219, 4323, 4705, 4706, 4707, 4708, 4709, 4710
Cell, 452
2185, 2186, 2187, 2188, 2191, 2193, 2673, 2675, 2696, 2890, 2891, 2892, 2894, 3678, 3822, 3823, 3828, 4014, 4019, 4023, 4025, 4027, 4028, 4288
Cell, 453
269, 271, 273, 275, 331, 335, 346, 347, 665, 671, 674, 747, 748, 753, 754, 2187, 2189, 2190, 2193, 2680, 2691, 2696, 2697, 2908, 3672, 3673, 3677, 3678, 4242, 4526, 4527, 4562, 4564
Cell, 454
75, 83, 89, 90, 92, 103, 104, 198, 199, 200, 207, 208, 210, 213, 964, 965, 969, 972, 987, 1817, 1914, 1918, 1923, 3495, 3900, 3902, 3905, 4711, 4712
Cell, 455
1519, 1524, 1525, 1526, 1904, 1905, 1906, 1909, 1911, 1913, 2079, 2080, 2087, 2088, 2919, 2920, 2921, 2931, 3047, 3048, 3414, 3773, 3774, 3776, 3781, 3947
Cell, 456
1056, 1058, 1064, 1226, 1227, 2405, 2406, 2407, 2417, 2566, 2571, 2574, 2575, 2576, 2733, 2743, 2752, 3247, 3249, 3251, 3253, 3255
Cell, 457
1144, 1148, 1149, 1150, 1156, 1157, 1160, 1161, 1392, 1399, 1400, 1401, 1599, 1728, 1730, 1733, 1734, 1735, 1741, 2057, 2179, 2823, 3573, 4142
Cell, 458
265, 267, 268, 272, 274, 329, 332, 2186, 2188, 2721, 2731, 2732, 3150, 3151, 4020, 4024, 4027, 4028
Cell, 459
1820, 1821, 1824, 1825, 1826, 1964, 1965, 1968, 1969, 3045, 3051, 3052, 3377, 3384, 3391, 3730, 3761, 3762, 3763, 3883, 3887, 3888
Cell, 460
1742, 1744, 1749, 1750, 1751, 1752, 1754, 1862, 1866, 1867, 2404, 2408, 2427, 2428, 2580, 3264, 3268, 3788, 3790, 3791, 4002, 4003, 4004, 4011, 4713, 4714, 4715
Cell, 461
857, 860, 862, 3576, 3577, 3578, 3580, 3583, 3584, 3587, 3626, 3629, 3635, 3636, 4225, 4494
Cell, 462
73, 77, 79, 82, 83, 98, 104, 105, 626, 628, 630, 632, 633, 635, 964, 968, 1809, 1811, 1812, 1813, 1815, 1816, 1817, 2598, 2600, 2605, 2606, 3435
Cell, 463
441, 451, 452, 453, 1367, 1377, 1381, 1383, 2150, 2152, 2155, 2158, 2160, 4262, 4264, 4265, 4342, 4382, 4420, 4422, 4599, 4600, 4601, 4716, 4717, 4718, 4719, 4720, 4721, 4722
Cell, 464
486, 492, 493, 496, 498, 499, 4181, 4183, 4185, 4237, 4238, 4409, 4413, 4723, 4724, 4725, 4726, 4727, 4728, 4729
Cell, 465
370, 374, 376, 380, 381, 385, 390, 391, 559, 560, 564, 567, 568, 1902, 1903, 1907, 2083, 2084, 2085, 3044, 3382, 3383, 3912, 4170
Cell, 466
1174, 1176, 1177, 1183, 1190, 1193, 1197, 1743, 1753, 1755, 2565, 2566, 2568, 2572, 2573, 2574, 2579, 2739, 2745, 2746, 2752, 2870, 2871, 2872, 2878, 2879, 3005, 3008, 3012, 3013, 3481, 3489
Cell, 467
990, 992, 995, 996, 997, 1055, 1056, 1058, 1061, 1065, 1225, 1226, 1233, 2406, 2407, 2412, 2413, 2567, 2576, 3255, 3361, 3663, 3710
Cell, 468
760, 762, 770, 774, 781, 1439, 1440, 1444, 1452, 1456, 1457, 3112, 3113, 3114, 3116, 3117, 3711, 4044, 4045, 4268
Cell, 469
966, 970, 979, 980, 1287, 1294, 1295, 2535, 2537, 2545, 2677, 2678, 2681, 2682, 2686, 2689, 2694, 2775, 2776, 2778, 2779, 2780, 2783, 3097, 3098, 3101, 3213, 3215, 3217, 3320
Cell, 470
1534, 1536, 1538, 1542, 1559, 1560, 2533, 2534, 2542, 2548, 2549, 2674, 2679, 2685, 2687, 2688, 2781, 2787, 3511, 3821, 3824, 3825, 3833, 4532
Cell, 471
1729, 1735, 1739, 1740, 1741, 2166, 2170, 2173, 2174, 2238, 2241, 2242, 2720, 2730, 2821, 2823, 2827, 3142, 3207, 3699
Cell, 472
461, 466, 468, 471, 477, 478, 480, 481, 1035, 1041, 2081, 3235, 3238, 3239, 3240, 3377, 3384, 3386, 3390, 3724, 3729, 3730, 3735, 3736, 3883, 4279, 4282, 4311, 4313, 4314, 4730
Cell, 473
1960, 1962, 1963, 1964, 1965, 3185, 3186, 3230, 3233, 3234, 3235, 3240, 3241, 3246, 3725, 3726, 3729, 3730, 3734, 3735, 3738, 3739, 3752, 3761, 3763, 3764, 3883, 3888, 4070, 4071
Cell, 474
712, 716, 720, 729, 730, 2272, 2274, 2277, 2278, 3331, 3335, 3987, 4065, 4066, 4068, 4401, 4731, 4732, 4733, 4734
Cell, 475
238, 259, 262, 263, 600, 601, 602, 1407, 1410, 1413, 1416, 1888, 1889, 1891, 1896, 1899, 1901, 2273, 2279, 2492, 2506, 2507, 2808, 2817, 2881, 2884, 3015, 3016, 3194, 3592, 3593, 3846
Cell, 476
734, 745, 751, 752, 753, 754, 2677, 2678, 2680, 2690, 2691, 3096, 3098, 3099, 3100, 3101, 3102, 3307, 3319, 3320, 3668, 3672, 3674, 3677, 4735, 4736, 4737, 4738, 4739, 4740
Cell, 477
280, 282, 291, 296, 301, 309, 965, 971, 985, 987, 988, 1287, 1288, 1289, 1294, 1918, 1920, 1921, 1924, 1925, 1930, 1931, 2545, 2546, 2547, 2775, 2778, 2779, 3097, 3529, 3901, 4074, 4502, 4503
Cell, 478
3350, 3352, 3357, 3855, 3857, 3858, 3881, 3885, 3886, 4109, 4110, 4112, 4114, 4177, 4390, 4391, 4393, 4598
Cell, 479
507, 515, 516, 517, 3616, 3619, 3836, 3837, 3839, 3844, 3845, 3935, 3994, 3996, 3998, 4116
Cell, 480
392, 393, 397, 401, 404, 410, 1135, 1139, 1141, 2108, 2112, 2113, 2802, 3733, 3737, 3740, 3742, 3744, 4033, 4035, 4037, 4101, 4102, 4106, 4285, 4287, 4741, 4742, 4743
Cell, 481
1421, 1423, 1424, 1425, 1436, 1970, 1974, 1980, 2402, 2410, 2418, 2423, 2427, 2428, 2580, 4002, 4007, 4008, 4010, 4012, 4595, 4596, 4713, 4744, 4745, 4746, 4747, 4748
Cell, 482
1078, 1080, 1084, 1099, 1100, 1491, 1494, 1495, 1507, 1513, 1726, 1727, 1732, 1736, 2725, 2727, 2824, 2826, 3286, 3572
Cell, 483
158, 162, 168, 169, 174, 175, 176, 177, 1783, 1784, 1791, 1792, 1795, 1796, 2137, 2141, 2145, 2146, 2665, 2670, 2937, 2938, 2939, 2952, 2960, 3299, 3300, 3910, 3911, 4169, 4749, 4750, 4751, 4752, 4753, 4754, 4755, 4756
Cell, 484
3614, 3617, 3620, 3621, 3988, 3989, 3993, 3995, 3997, 4489, 4654, 4655, 4656, 4757, 4758, 4759, 4760, 4761, 4762, 4763, 4764, 4765, 4766, 4767
Cell, 485
893, 896, 898, 907, 3270, 3272, 3275, 3276, 3459, 4424, 4425, 4426, 4768, 4769, 4770, 4771, 4772, 4773
Cell, 486
129, 146, 147, 686, 690, 697, 698, 703, 705, 1106, 1114, 1243, 1245, 1248, 1256, 1262, 1264, 2964, 2965, 2966, 3650, 3659, 3661, 3662, 4215, 4774, 4775, 4776, 4777, 4778, 4779, 4780
Cell, 487
420, 426, 431, 432, 433, 555, 556, 558, 565, 573, 574, 583, 588, 589, 590, 2468, 2469, 2479, 2480, 3049, 4298, 4371
Cell, 488
198, 212, 213, 216, 217, 1916, 1919, 1923, 1926, 1933, 3313, 3315, 3902, 3906, 4501, 4504, 4712, 4781, 4782, 4783, 4784, 4785, 4786, 4787, 4788, 4789, 4790, 4791, 4792, 4793, 4794, 4795
Cell, 489
1010, 1012, 1017, 1025, 1026, 1028, 1029, 1143, 1147, 1149, 1150, 1166, 1167, 1169, 1392, 1404, 1490, 1499, 3573, 3682
Cell, 490
392, 412, 413, 414, 1204, 1207, 1215, 1218, 1221, 1706, 1708, 1709, 1713, 1715, 1849, 2699, 2701, 2711, 4097, 4100, 4102, 4107, 4284, 4285, 4674, 4675, 4796, 4797, 4798
Cell, 491
182, 183, 185, 193, 717, 721, 726, 727, 728, 786, 789, 791, 800, 801, 809, 856, 3131, 3132, 3336, 3346, 3347, 3965, 3966, 4370, 4574, 4799, 4800, 4801, 4802, 4803, 4804
Cell, 492
417, 425, 432, 433, 552, 553, 556, 558, 561, 569, 1904, 1906, 1908, 2919, 2922, 2924, 2929, 2930, 3048, 4298
Cell, 493
530, 532, 537, 539, 541, 543, 544, 993, 1000, 1004, 1005, 1006, 1007, 1223, 2077, 2078, 3115, 4092, 4226, 4227
Cell, 494
158, 163, 166, 169, 170, 171, 172, 2194, 2195, 2196, 2198, 2202, 2660, 2661, 2663, 3299, 4204, 4805, 4806, 4807, 4808, 4809
Cell, 495
507, 509, 510, 513, 517, 518, 522, 525, 619, 620, 1679, 1690, 1699, 1700, 2383, 2386, 2398, 2399, 2883, 2886, 2887, 3616, 3618, 3835, 3839, 3840, 3845, 4339
Cell, 496
188, 189, 194, 195, 239, 249, 250, 312, 320, 321, 324, 326, 2271, 2272, 2275, 2277, 3331, 3335, 3339, 3340, 3342, 3343, 4043, 4067, 4068, 4239, 4240, 4440, 4732, 4734
Cell, 497
736, 737, 742, 745, 749, 750, 751, 976, 977, 978, 983, 984, 2773, 2777, 3096, 3100, 3307, 3308, 3309, 3312, 4163, 4166, 4167, 4168, 4466, 4735, 4737, 4739
Cell, 498
218, 219, 221, 227, 228, 236, 2012, 2013, 2016, 2017, 2018, 2024, 2025, 2552, 2560, 2563, 2564, 2895, 3503, 3508, 4447, 4810, 4811, 4812
Cell, 499
1306, 1319, 1327, 1329, 1335, 1338, 1339, 1649, 1651, 1657, 1659, 1666, 1668, 1669, 1953, 1956, 1959, 1967, 2497, 2499, 2500, 2508, 2509, 3590, 3594, 4186, 4464, 4465, 4585, 4586
Cell, 500
1180, 1184, 1185, 1188, 1201, 1466, 1468, 1476, 1477, 1758, 1766, 1776, 1777, 2588, 2589, 2590, 2861, 2866, 2867, 2873, 2875, 3026, 3265, 3266, 3441, 3442, 3443, 3785, 3792, 4164, 4165, 4232, 4813, 4814
Cell, 501
1437, 1438, 1445, 1446, 1448, 1455, 1462, 2091, 2093, 2094, 2100, 2102, 2103, 2443, 2845, 2849, 2852, 2853, 3394, 3395, 3400, 3747, 3751, 3753, 3754, 4047, 4108, 4110, 4111, 4113, 4114, 4271, 4297, 4390, 4392, 4393, 4597, 4598
Cell, 502
485, 492, 495, 496, 2476, 2477, 2478, 2658, 2668, 2669, 2672, 3126, 3128, 4202, 4203, 4205, 4236, 4237, 4725, 4727, 4815, 4816
Cell, 503
119, 121, 122, 123, 3130, 3134, 3136, 3809, 3811, 4269, 4272, 4299
Cell, 504
312, 313, 318, 319, 321, 858, 859, 866, 868, 870, 871, 3330, 3339, 3340, 3341, 3793, 4038, 4043, 4442
Cell, 505
1999, 2000, 2010, 2011, 2284, 2286, 2290, 2291, 2293, 2305, 2309, 3082, 3083, 3084, 4143, 4144, 4151, 4153, 4156, 4158, 4159, 4289, 4484, 4485, 4486, 4488, 4513, 4523, 4817, 4818, 4819, 4820
Cell, 506
1955, 1968, 1969, 3232, 3234, 3243, 3246, 3748, 3752, 3756, 3759, 3760, 3761, 3762, 3765, 3882, 3884, 3887, 3888, 3950
Cell, 507
333, 356, 364, 365, 989, 994, 995, 996, 998, 1077, 1088, 1090, 2856, 2864, 2877, 3112, 3116, 3359, 3360, 3364, 3365, 3710, 3711, 3954, 3955, 3956, 3957, 4044, 4046, 4268
Cell, 508
72, 75, 78, 80, 81, 86, 87, 89, 93, 199, 209, 214, 215, 963, 975, 978, 981, 983, 1758, 1772, 1777, 1778, 2118, 2119, 2127, 2860, 2869, 2873, 2875, 2876, 3312, 3436, 3438, 3440, 3442, 3445, 3953, 4164, 4167, 4813, 4821, 4822, 4823, 4824, 4825, 4826
Cell, 509
487, 488, 494, 500, 501, 502, 1887, 1892, 1894, 2482, 2483, 3017, 3018, 3019, 3020, 3814, 3815, 4066, 4067, 4068, 4085, 4089, 4239, 4401, 4402, 4684, 4731, 4732
Cell, 510
1172, 1186, 1187, 1189, 1196, 1742, 1753, 1754, 1755, 1970, 1972, 1973, 1978, 1980, 1984, 2579, 2580, 2739, 3267, 3268, 4137, 4140, 4692, 4695, 4713, 4714, 4715, 4827, 4828, 4829, 4830, 4831
Cell, 511
1076, 1086, 1087, 1097, 1098, 1102, 1517, 1518, 2369, 2370, 2375, 2376, 2381, 3118, 3121, 3122, 3289, 3402, 3405, 3406, 3408, 3411, 3412, 3416, 3775, 3777, 3859, 3951, 4228, 4304
